plate,mjd,fiber_id,fuv_flux_obs,fuv_flux_syn,dn4000_synth,extinction
266,51602,194,0.3229,3.0362,1.2040,0.5430
267,51608,28,0.3806,0.6364,1.4400,0.0650
267,51608,183,0.7606,2.0219,1.3150,0.6390
269,51910,521,0.9258,3.1588,1.1680,0.6150
271,51883,217,0.9516,2.0117,1.2570,0.5740
272,51941,142,0.6981,2.8090,1.2060,0.3470
274,51913,630,1.0416,1.5262,1.2460,0.4730
277,51908,182,1.4222,3.8581,1.2670,0.3110
280,51612,370,1.5530,3.3172,1.1460,0.2620
286,51999,104,0.6283,0.0719,1.4530,0.1790
290,51941,386,0.4614,2.0673,1.2570,0.7700
293,51994,27,0.3706,1.6440,1.2510,0.2770
294,51986,608,1.4076,2.3504,1.2640,0.3480
295,51985,353,0.3390,2.1890,1.2510,0.3100
295,51985,499,0.1199,1.9848,1.3830,0.4000
296,51665,38,0.7336,2.2303,1.2810,0.2560
297,51663,92,1.4986,2.1348,1.2170,0.4610
297,51663,117,1.3773,1.8175,1.2580,0.2880
302,51688,170,1.0287,2.6078,1.2710,0.3410
303,51615,587,0.7090,2.1255,1.2260,0.1710
305,51613,13,0.7702,2.1312,1.3500,0.4590
305,51613,181,0.2693,2.5536,1.3100,0.3420
305,51613,223,0.5330,1.8814,1.3050,0.1270
305,51613,486,0.5537,2.5892,1.2010,0.4860
306,51637,515,1.4817,4.8325,1.1330,0.1420
307,51663,268,1.1589,1.9560,1.1800,0.1870
311,51665,59,1.4725,3.4840,1.2200,0.2500
311,51665,387,0.9876,3.4868,1.1670,0.7020
311,51665,427,0.8595,3.7863,1.1750,0.3560
311,51665,431,0.7549,3.4922,1.2470,0.4460
311,51665,493,0.9470,3.8408,1.1870,0.3890
312,51689,222,0.3416,3.5243,1.2420,0.2120
314,51641,532,2.2541,6.2840,1.1110,0.3870
314,51641,533,1.7338,2.9443,1.1680,0.2210
315,51663,333,1.1314,1.8251,1.2440,0.2680
341,51690,417,0.4791,1.6600,1.3300,0.5950
351,51695,46,1.0043,3.9256,1.1980,0.3130
352,51789,547,0.8365,2.1291,1.2950,0.5290
353,51703,387,0.6936,1.7945,1.2990,0.4940
357,51813,291,0.3713,2.2963,1.4790,0.2450
364,52000,66,2.8424,6.2507,1.1050,0.5410
371,52078,594,0.4903,1.9293,1.3710,0.1810
373,51788,608,3.3891,5.1691,1.1140,0.1250
377,52145,38,0.6164,3.3585,1.2870,0.1770
377,52145,61,1.2350,1.8210,1.3110,0.2680
377,52145,636,0.4594,3.3538,1.2110,0.0290
378,52146,634,1.3639,3.8754,1.2180,0.2270
379,51789,450,0.9155,2.0507,1.1980,0.4880
380,51792,98,0.7872,4.9322,1.1910,0.2000
384,51821,546,0.4629,1.6713,1.4700,0.5130
384,51821,592,2.4484,8.4925,1.1210,0.2100
386,51788,409,2.5494,7.3256,1.1460,0.3080
388,51793,457,2.9896,8.1368,1.0640,0.3190
389,51795,394,0.2814,0.4174,1.6050,0.1680
389,51795,456,0.5953,1.2264,1.3090,0.4880
389,51795,459,0.2777,0.0991,1.6580,0.3280
390,51816,156,0.9212,2.9711,1.3710,0.3410
391,51782,14,0.7307,1.9449,1.3380,0.2410
392,51793,423,2.2540,7.0857,1.1210,0.2080
393,51794,6,0.9525,2.1306,1.3080,0.1180
393,51794,86,0.7613,1.9330,1.3270,0.3010
394,51812,416,3.1655,6.8365,1.1160,0.2280
395,51783,58,1.0648,2.6578,1.2170,0.3070
397,51794,623,0.2500,1.5158,1.3170,0.5400
399,51817,58,0.3012,2.7951,1.2100,0.2890
399,51817,212,0.6892,1.7982,1.3170,0.4650
401,51788,120,2.1337,4.6685,1.1530,0.5030
402,51793,106,0.5551,4.5987,1.2380,0.2050
402,51793,250,0.9705,1.7813,1.3270,0.1110
402,51793,326,0.6340,0.8054,1.3160,0.2200
406,51817,160,0.9362,3.8782,1.2090,0.2930
409,51871,50,1.8077,9.6294,1.0560,0.4800
412,51931,377,2.6174,4.4734,1.1100,0.1950
412,51931,477,1.1024,3.1100,1.3170,0.2900
413,51821,62,1.3337,1.5938,1.5380,0.2770
413,51821,99,0.5128,1.6086,1.4950,0.2200
415,51810,388,1.5695,2.7563,1.2170,-0.0520
417,51821,222,0.3351,0.2702,1.3990,-0.3010
419,51812,58,0.3922,1.3848,1.3660,0.2240
419,51812,561,2.3155,4.8718,1.0920,0.2360
420,51871,181,0.3687,2.5186,1.2730,0.5330
420,51871,288,1.0161,2.7113,1.2080,0.3100
422,51811,113,0.9807,2.6618,1.1590,0.5120
424,51893,565,2.1292,3.1639,1.2030,0.2060
427,51900,565,0.4547,1.9326,1.3180,0.4600
433,51873,165,0.5195,3.2410,1.2220,0.2870
433,51873,241,0.3158,1.3770,1.5060,0.1670
438,51884,22,0.6445,3.0434,1.1980,0.4200
439,51877,633,0.2788,2.0834,1.2950,0.6530
441,51868,455,0.6401,3.0815,1.3860,0.2470
442,51882,240,0.6433,1.9422,1.3050,0.4560
443,51873,77,0.5503,3.8300,1.2290,0.2460
443,51873,104,0.6742,3.3279,1.2510,0.1740
443,51873,542,3.5203,7.6003,1.0550,0.3200
443,51873,548,0.2515,0.5571,1.5270,0.3710
445,51873,355,1.5289,2.4400,1.2620,0.3710
451,51908,144,0.4990,3.1008,1.2890,0.2360
451,51908,159,0.9517,3.0564,1.2460,0.5480
452,51911,263,1.2222,2.2379,1.2190,0.3970
458,51929,140,1.2556,3.4516,1.2250,0.2300
459,51924,167,1.5202,1.8800,1.2160,0.4880
459,51924,253,3.1548,8.1068,1.1110,0.0020
461,51910,49,0.3549,1.4764,1.2800,0.5720
462,51909,198,0.2075,2.9198,1.2210,0.4280
463,51908,470,3.0456,7.5527,1.0830,0.4970
464,51908,110,1.8619,2.2707,1.4020,0.0740
464,51908,166,1.0481,2.9699,1.2930,0.2280
464,51908,567,1.1496,2.7128,1.1800,0.5680
465,51910,524,3.9282,11.1424,1.0350,0.6120
468,51912,446,0.5441,1.4194,1.2470,0.5060
470,51929,448,0.6486,0.1673,1.4550,0.0640
472,51955,546,1.6156,10.1220,1.0790,0.4210
474,52000,401,0.7744,1.4430,1.3950,0.2450
481,51908,345,1.0691,2.1030,1.3010,0.3400
484,51907,426,0.4947,1.4448,1.4830,0.2580
484,51907,592,0.5242,2.2620,1.3490,0.3570
487,51943,610,1.1495,3.9096,1.2490,0.0960
488,51914,282,2.7812,4.2728,1.1820,0.3070
491,51942,413,1.0849,1.9879,1.2130,0.5320
491,51942,456,1.2113,5.6726,1.1590,0.4700
492,51955,119,0.3489,2.5571,1.2730,0.3160
493,51957,144,4.5704,8.6892,1.0560,0.2520
493,51957,617,0.7450,1.9265,1.3180,0.1560
500,51994,185,0.5306,1.7398,1.3140,0.3080
502,51957,195,0.7044,2.7493,1.3050,0.4370
502,51957,554,0.7631,1.4941,1.4090,0.3440
503,51999,73,1.5631,3.5429,1.1710,0.6280
504,52316,549,1.2285,1.2931,1.3350,0.6600
505,52317,77,0.5320,3.7139,1.2350,0.2370
505,52317,228,3.6531,7.1294,1.0540,0.4480
505,52317,354,0.6469,2.6315,1.2560,0.4670
505,52317,454,1.4946,2.9234,1.1650,0.3590
508,52366,220,0.8734,1.9574,1.3010,0.4590
510,52381,386,2.0933,7.4041,1.1000,-0.0810
513,51989,559,1.1756,1.3998,1.2640,0.8790
515,52051,213,0.2556,1.2981,1.5220,0.3640
516,52017,291,0.6474,1.8200,1.2360,0.6750
517,52024,271,0.3105,2.2116,1.2620,0.0050
518,52282,49,0.9211,2.1668,1.2440,0.5460
523,52026,626,1.0231,2.9530,1.1890,0.3790
525,52295,25,0.8798,2.9413,1.1950,0.5700
527,52342,317,0.6474,1.5292,1.4500,0.2600
529,52025,193,0.7287,3.0689,1.2020,0.4280
532,51993,97,0.6889,3.7705,1.2460,0.3350
533,51994,172,3.5989,6.4006,1.1370,0.2350
533,51994,628,1.0513,2.4347,1.2680,0.3670
534,51997,59,0.9389,2.4876,1.2160,0.2090
534,51997,447,0.2596,3.1336,1.2390,0.1720
534,51997,455,1.2050,2.2768,1.2230,0.5910
535,51999,510,0.2432,1.5436,1.3230,0.3140
543,52017,141,1.4250,3.0923,1.2170,0.1900
544,52201,3,0.9026,2.5305,1.2470,0.3030
544,52201,362,0.9506,2.3325,1.1810,0.7120
545,52202,21,1.0825,3.0193,1.1900,0.2610
545,52202,290,0.3618,1.0154,1.4900,0.1540
546,52205,124,0.1857,0.8719,1.3290,0.1370
547,51959,465,0.2460,1.7842,1.3470,-0.0800
547,51959,499,0.8888,1.7429,1.3690,0.0280
548,51986,247,0.2722,2.7279,1.2780,0.2590
548,51986,513,3.6228,2.1563,1.2600,0.1010
549,51981,440,0.6979,1.4801,1.5400,0.0260
552,51992,509,0.7525,2.2469,1.2180,0.3340
559,52316,402,1.1569,2.1665,1.2170,0.2010
567,52252,112,1.1600,2.2955,1.3480,0.0820
569,52264,263,0.9798,4.8854,1.2090,0.2360
569,52264,281,0.6056,2.6587,1.2590,0.3460
569,52264,338,0.8373,3.3663,1.2120,0.2440
569,52264,465,0.4031,3.7058,1.2320,0.3690
569,52264,609,3.3422,7.4925,1.1310,0.1630
573,52325,392,0.7942,0.9008,1.5210,0.1000
575,52319,463,0.9161,1.9922,1.2840,0.2400
577,52367,155,1.0851,1.1923,1.3650,0.4010
578,52339,137,0.5177,2.6425,1.4090,0.1480
581,52356,436,0.8177,2.5269,1.4030,0.2710
585,52027,362,0.4013,1.9556,1.2910,0.3580
586,52023,36,0.3434,0.6262,1.4200,0.8350
586,52023,253,1.3153,2.6997,1.1620,0.4300
589,52055,529,0.6436,2.0963,1.2500,0.5770
591,52022,71,0.8772,4.5260,1.1970,0.6370
591,52022,121,1.1253,3.8378,1.1810,0.6290
592,52025,235,0.5104,1.4731,1.3790,0.1240
598,52316,223,1.1334,2.2641,1.1660,0.2970
599,52317,447,0.4735,1.8359,1.2430,0.4740
601,52316,461,0.8358,1.9431,1.2770,0.3870
604,52079,200,0.4578,2.5846,1.1850,0.5820
607,52368,97,1.5849,2.9882,1.1700,0.3400
607,52368,265,1.3564,1.4990,1.3190,0.8820
607,52368,512,0.4571,2.3938,1.2360,0.2820
608,52081,543,0.4632,1.9091,1.5280,0.1490
609,52339,376,2.8647,9.2785,1.1200,0.2370
610,52056,277,1.7830,3.0876,1.2370,0.0660
610,52056,439,2.4909,4.7466,1.1940,0.2380
611,52055,476,1.7512,2.8089,1.1830,0.3160
612,52079,476,1.7170,8.0324,1.0980,0.1600
613,52345,161,0.8212,1.8883,1.2500,0.4230
613,52345,184,0.1515,0.9177,1.8390,-0.0310
614,53437,185,0.6019,0.7973,1.6730,0.2230
617,52072,201,0.5639,2.6320,1.2800,0.5290
617,52072,379,0.3662,2.8947,1.3220,0.3380
617,52072,625,0.3759,3.0676,1.3570,0.2650
618,52049,138,0.3465,2.4329,1.2560,0.1920
620,52375,331,0.2155,1.2360,1.4960,0.1050
621,52055,260,0.4316,1.1855,1.3420,0.5220
621,52055,624,2.8288,7.0885,1.1000,0.2690
623,52051,626,0.3993,1.5088,1.6210,0.2660
625,52145,159,0.8353,2.3930,1.1910,0.4960
625,52145,162,0.9881,2.3566,1.2860,0.4240
625,52145,233,0.1694,1.2187,1.4500,0.3940
625,52145,385,0.9183,2.4422,1.1900,0.5370
628,52083,88,0.3670,2.0166,1.3210,0.2670
629,52051,497,1.9952,6.9528,1.1240,0.3390
630,52050,163,0.7973,3.5062,1.2160,0.4080
630,52050,600,1.8858,3.8731,1.1700,0.3190
632,52071,93,0.6595,3.8063,1.2210,0.2310
632,52071,146,0.3866,0.9529,1.5150,0.0350
632,52071,598,1.3487,3.4645,1.1740,0.2800
633,52079,337,1.5333,2.8185,1.1960,0.1450
633,52079,630,1.1750,3.4012,1.1650,0.2690
634,52164,637,0.9959,1.2855,1.2660,0.1650
635,52145,459,0.3126,3.0560,1.2110,0.5690
637,52174,632,0.8690,2.0260,1.2700,0.3730
639,52146,335,0.6367,3.2808,1.2340,0.3790
644,52149,483,0.8911,1.8429,1.2510,0.3620
644,52149,528,1.3057,2.9809,1.1830,0.4330
646,52523,42,0.2412,0.0494,1.9760,-0.2890
648,52559,180,0.8388,2.3574,1.3260,0.3820
649,52201,488,0.4388,3.3417,1.3000,0.2130
651,52141,168,0.5652,2.9560,1.1840,0.4220
651,52141,394,0.7239,2.8094,1.2310,0.2730
652,52138,293,1.0995,1.3536,1.2880,0.3970
653,52145,534,0.6632,1.8829,1.2520,0.4910
654,52146,1,0.4823,0.2285,1.4180,0.6800
655,52162,413,0.5458,3.7096,1.2260,0.2120
655,52162,534,0.1948,0.3048,1.9060,-0.0250
656,52148,241,1.3858,3.4412,1.1860,0.2390
656,52148,524,1.0071,1.7682,1.3220,0.2580
656,52148,561,1.2117,1.8964,1.3100,0.5400
658,52146,17,2.8587,4.1561,1.0590,0.6910
658,52146,299,1.0403,2.4844,1.2310,0.4420
658,52146,312,2.1296,7.4313,1.1150,0.2840
664,52174,212,1.1330,4.3967,1.1940,0.2940
664,52174,239,1.0074,2.9110,1.1850,0.4020
664,52174,505,0.7549,1.9637,1.3150,0.6400
666,52149,417,2.6102,2.8566,1.2010,0.2120
667,52163,503,0.4359,2.3202,1.3370,0.4130
677,52606,180,0.4126,1.7546,1.2800,0.7310
679,52177,266,1.8153,4.1795,1.2000,0.2170
682,52525,172,3.8996,7.3876,1.0430,0.7960
687,52518,26,0.6179,1.9303,1.2700,0.3660
689,52262,388,1.3117,2.0120,1.3370,0.2440
690,52261,342,1.4154,2.8590,1.2300,0.1150
690,52261,496,0.4705,1.5449,1.5690,-0.0410
695,52202,139,0.9990,1.4579,1.3760,0.1440
702,52178,108,0.6526,1.8769,1.3630,0.5010
708,52175,155,3.7330,14.5976,1.0350,0.0330
708,52175,513,2.3578,7.2373,1.1050,0.2000
717,52468,543,0.6803,2.3219,1.3670,0.4000
718,52206,454,5.5154,2.6280,1.2910,0.4290
720,52206,411,1.2217,3.1111,1.1760,0.4210
724,52254,217,0.5418,0.8514,1.5020,0.1960
725,52258,142,0.4694,3.4026,1.2330,0.4750
726,52226,171,1.4331,3.3378,1.2450,0.1800
730,52466,563,1.2517,2.7386,1.2030,0.2390
737,52518,624,1.3918,2.5948,1.2090,0.4150
738,52521,226,1.5851,3.7791,1.1500,0.3310
740,52263,382,0.5489,2.7527,1.2540,0.6170
744,52251,620,0.7584,1.9574,1.4320,0.2460
746,52238,240,0.2528,0.2021,1.5720,0.0480
747,52234,241,0.2733,2.1017,1.2200,0.1110
747,52234,582,1.3597,2.9012,1.2120,0.3530
748,52233,247,2.3516,4.9815,1.1810,0.0080
748,52233,349,0.5058,1.2648,1.3950,0.2460
748,52233,614,1.2272,4.2119,1.3390,0.2270
755,52235,6,1.3251,2.6229,1.4880,0.2140
756,52577,372,0.8440,1.5777,1.4270,0.3900
758,52253,195,0.4917,1.1880,1.3130,0.1320
758,52253,439,0.3792,2.3239,1.2080,0.5170
761,52266,381,0.6270,1.0523,1.3400,0.4480
762,52232,114,0.5067,2.5244,1.2330,0.2670
763,52235,183,0.3664,1.9532,1.2970,0.3030
767,52252,97,0.9900,3.3289,1.1860,0.5620
767,52252,268,1.5238,2.5387,1.2930,0.3650
767,52252,299,1.2134,4.0622,1.2320,0.3280
767,52252,356,1.3986,0.7065,1.4360,0.2540
775,52295,613,1.7963,5.5001,1.1410,0.3310
776,52319,315,0.4906,2.1180,1.2440,0.3820
776,52319,604,1.1157,2.0379,1.2030,0.4600
783,52325,119,1.1222,2.0805,1.4320,0.1720
785,52339,361,2.5056,2.8391,1.1630,0.7810
785,52339,460,1.1890,2.6754,1.1660,0.7350
786,52319,218,0.3897,0.5539,1.5560,0.0920
788,52338,156,1.4634,2.8929,1.1910,0.1680
788,52338,177,0.6542,3.6906,1.4040,0.0150
788,52338,309,1.2431,0.0945,1.5920,0.0460
789,52342,1,1.3988,4.0759,1.1640,0.2230
791,52435,518,0.7827,2.4630,1.2070,0.3080
791,52435,562,0.6459,2.8556,1.2370,0.1020
792,52353,327,0.4737,2.5694,1.3190,0.0540
793,52370,490,0.5937,0.9654,1.3700,0.6860
802,52289,25,1.0417,1.5205,1.2520,0.6440
802,52289,327,2.0128,1.9219,1.2770,0.2710
802,52289,335,1.1399,2.3704,1.1910,0.5000
802,52289,387,1.4982,2.2610,1.2810,0.1980
802,52289,401,1.5363,4.8979,1.2580,-0.2020
802,52289,462,1.9769,4.5762,1.2150,0.4290
802,52289,468,1.0445,3.5270,1.1610,0.3070
802,52289,481,2.9830,3.6436,1.1250,0.5460
802,52289,501,0.6578,4.1690,1.1740,0.4380
802,52289,582,1.7811,2.3439,1.2430,0.4280
803,52264,38,1.7900,4.4077,1.2360,0.0600
803,52264,158,2.8878,4.5559,1.2300,-0.1920
803,52264,297,0.3006,2.3931,1.3160,0.3910
803,52264,361,3.0459,6.8357,1.2220,0.0410
803,52264,362,1.6612,5.1094,1.2420,0.1010
803,52264,414,0.7205,3.8062,1.2390,0.1720
803,52264,459,0.7961,4.8960,1.2320,0.0740
804,52266,19,0.9742,3.2928,1.2300,0.1890
804,52266,95,0.8828,5.0383,1.2080,0.0310
804,52266,117,0.9770,0.4224,1.4100,0.0980
804,52266,361,0.6094,3.9790,1.2700,0.2100
804,52266,554,3.5755,5.1958,1.2660,-0.1030
805,52586,41,1.6850,5.0191,1.1950,-0.1320
805,52586,446,0.6095,5.1851,1.1750,-0.0700
806,52592,277,3.0703,3.7618,1.2940,0.1680
806,52592,284,1.6657,2.6860,1.1800,0.0570
806,52592,608,1.1311,4.1918,1.2510,0.1480
811,52669,181,1.4428,5.9291,1.2030,0.2330
811,52669,254,1.6520,3.0343,1.2770,0.0670
811,52669,356,1.4069,5.1470,1.2100,0.1760
812,52352,263,1.2827,2.8412,1.1530,0.4490
815,52374,636,1.7551,4.2222,1.1290,0.3930
817,52381,348,0.4807,2.1140,1.2480,0.3830
818,52395,343,0.4854,0.7676,1.5380,0.4040
818,52395,599,0.3475,2.3644,1.2620,0.3230
820,52433,400,0.8101,2.8371,1.2330,0.1790
826,52295,395,0.8850,1.6822,1.5190,0.1920
831,52294,526,2.9303,11.1081,1.0590,0.3740
835,52326,445,0.6246,2.2621,1.1870,0.5700
840,52374,417,0.6899,1.2707,1.3460,0.5040
846,52407,349,1.2357,2.3874,1.2130,0.4850
847,52426,522,2.1800,7.2697,1.0690,0.4190
849,52439,591,0.9306,2.7580,1.1850,0.3190
850,52338,298,0.9781,2.9160,1.2750,0.2600
851,52376,124,0.6659,3.0188,1.1720,0.2590
859,52317,179,0.6692,1.8353,1.1950,0.4520
859,52317,269,0.7772,1.9745,1.2410,0.5020
861,52318,223,2.0379,2.7302,1.2150,0.2320
861,52318,367,0.5708,1.3751,1.4790,0.2500
870,52325,432,0.7860,0.8252,1.3750,0.5710
873,52674,53,0.7392,1.9250,1.4010,0.5980
873,52674,366,0.4309,3.6991,1.2120,0.1450
873,52674,473,0.7667,1.8469,1.4570,0.1900
874,52338,237,1.4221,2.1600,1.2250,0.4520
878,52353,304,4.4634,0.0484,1.3070,-0.6940
880,52367,235,0.3530,0.9733,1.6130,0.0900
880,52367,425,0.6442,1.0878,1.2760,0.5240
882,52370,222,0.4404,1.1676,1.4610,0.4850
883,52430,97,0.7252,2.1555,1.2790,0.2540
884,52374,400,0.3298,0.3640,1.7690,0.0650
884,52374,510,0.2533,2.7562,1.3350,0.5160
885,52379,489,0.2516,2.1849,1.5340,0.0960
886,52381,129,2.5746,3.7800,1.1140,0.5590
886,52381,468,0.4214,0.3090,1.6090,0.2850
886,52381,522,0.4349,0.6418,1.8590,0.0140
890,52583,372,0.8040,3.0975,1.1820,0.4730
893,52589,618,1.5927,3.1879,1.1450,0.1920
894,52615,435,0.7268,1.9268,1.4150,0.2660
898,52606,45,3.3246,12.3718,1.0570,0.4120
900,52637,616,0.7063,2.0944,1.2880,0.3000
904,52381,151,0.0733,1.8742,1.5650,0.1530
909,52379,130,0.5309,3.7953,1.1970,0.0990
909,52379,550,0.3037,3.3163,1.2310,0.3620
910,52377,162,0.3228,2.3939,1.1930,0.4220
911,52426,562,10.6934,2.7167,1.4230,0.2960
916,52378,23,1.7397,2.4953,1.2080,0.2740
917,52400,80,0.5436,2.5758,1.2870,0.2550
918,52404,462,1.4250,2.3618,1.1840,0.5010
919,52409,484,0.8024,2.7495,1.2300,0.3480
922,52426,98,0.9472,3.1080,1.2170,0.4380
927,52577,485,1.0156,1.3051,1.2220,0.5500
930,52618,598,0.9516,2.8923,1.1970,0.3560
931,52619,530,0.4515,2.3470,1.3130,0.3810
933,52642,360,0.6097,2.7358,1.2140,0.3730
933,52642,531,0.9425,3.0507,1.2160,0.4390
934,52672,426,1.3330,3.8310,1.2980,0.1730
936,52705,88,1.2161,3.5283,1.2070,0.3660
936,52705,477,4.3335,8.4494,1.0640,0.6790
937,52707,379,0.5957,2.2606,1.2330,0.3290
941,52709,19,0.5809,2.4515,1.3920,0.2160
941,52709,74,1.1665,3.2480,1.1730,0.1520
942,52703,220,2.6886,2.9090,1.1250,0.3470
944,52614,222,0.7603,1.9246,1.2590,0.3330
946,52407,22,1.0317,0.9593,1.5490,0.0660
952,52409,189,0.6715,3.1841,1.3570,0.4070
952,52409,229,0.9702,1.9934,1.2370,0.4180
952,52409,447,3.4970,6.8807,1.1070,0.3270
953,52411,409,1.1865,2.6892,1.2190,0.2040
954,52405,221,0.6765,2.3810,1.1950,0.3280
954,52405,384,0.6374,1.6373,1.4730,0.2170
954,52405,536,0.5369,0.5992,1.6510,0.1380
954,52405,559,0.4173,1.9028,1.3140,0.7560
957,52398,146,0.4725,1.6233,1.3540,0.3700
957,52398,622,0.9201,2.4587,1.3290,0.5080
957,52398,624,1.4501,2.2579,1.3230,0.1280
958,52410,240,0.6929,1.0305,1.4240,0.6700
959,52411,232,0.7954,3.0021,1.2360,0.5000
960,52425,237,0.7243,3.2380,1.2740,0.3640
961,52615,369,0.6330,1.8819,1.2920,0.4650
961,52615,456,0.8780,2.9505,1.1820,0.4380
961,52615,537,1.1820,3.3034,1.1910,0.3950
962,52620,282,0.6835,2.9811,1.2350,0.5510
963,52643,15,1.2566,2.0760,1.2360,0.1720
964,52646,54,0.8441,2.0782,1.4120,0.2080
966,52642,14,0.9346,1.7650,1.2600,0.7000
966,52642,256,0.1131,2.2768,1.4860,0.1200
966,52642,630,0.6648,2.0409,1.2520,0.5970
969,52442,141,0.6737,1.2549,1.4870,0.1210
971,52644,266,1.0570,1.0996,1.3070,0.1620
971,52644,585,0.3471,1.7905,1.3000,0.1480
974,52427,374,0.2890,0.7892,1.6130,0.2440
974,52427,468,1.1990,2.6556,1.1560,0.4770
974,52427,528,1.2619,2.2569,1.2510,0.1870
977,52410,207,0.3675,1.0982,1.2900,0.1630
982,52466,105,1.5296,4.7294,1.2570,0.1840
983,52443,203,0.5921,1.3988,1.5340,0.0340
985,52431,356,0.7617,0.4672,1.4970,0.2870
985,52431,422,0.6449,3.6671,1.3830,0.0090
988,52520,236,1.5351,2.1394,1.2360,0.1820
988,52520,582,0.3406,1.2834,1.2770,0.7020
991,52707,435,1.0773,3.0562,1.2710,0.3330
995,52731,58,0.9128,2.3397,1.2280,0.4590
996,52641,168,0.6941,2.7466,1.1910,0.1720
997,52734,171,0.7321,1.5144,1.3480,0.5240
997,52734,532,0.4612,2.8820,1.2080,0.4050
999,52636,481,0.6019,4.1273,1.2040,0.1730
1000,52643,419,0.2576,2.5897,1.2360,0.5410
1001,52670,19,0.5743,0.5118,1.6210,0.0270
1005,52703,206,2.6009,5.1905,1.1180,0.2290
1007,52706,79,0.3433,3.0431,1.2790,0.4920
1007,52706,478,1.3132,4.0551,1.1520,0.3840
1008,52707,21,1.3823,4.0719,1.1420,0.3950
1008,52707,378,0.4709,2.1716,1.4410,0.2750
1009,52644,433,0.2673,0.9482,1.5640,0.2980
1011,52652,340,1.0526,3.5499,1.2060,0.1470
1011,52652,432,1.4553,2.8277,1.1680,0.4310
1012,52649,20,2.0384,2.7044,1.1770,0.2930
1012,52649,38,0.4423,3.5593,1.2530,0.3310
1013,52707,214,1.1281,2.9972,1.2530,0.3180
1014,52707,269,7.5872,0.9801,1.7900,-0.0910
1016,52759,563,0.6111,2.9711,1.2360,0.2720
1017,52706,14,1.0438,2.0145,1.2140,0.2910
1017,52706,411,0.4689,0.4619,1.6110,0.1330
1020,52721,300,0.3128,3.5969,1.2470,0.2080
1021,52460,26,1.1372,3.5588,1.2050,0.1840
1021,52460,121,1.2023,2.0575,1.2400,0.5260
1021,52460,174,1.3535,3.3364,1.2430,0.1840
1021,52460,611,0.8902,1.0768,1.3010,0.5840
1022,52524,335,1.2270,3.0920,1.2130,0.1430
1022,52524,501,1.1572,4.3636,1.1640,0.1010
1023,52818,95,1.3899,3.6068,1.2110,0.2990
1023,52818,116,1.9501,5.1067,1.1880,-0.0600
1023,52818,117,0.6032,2.7410,1.2490,0.0220
1023,52818,201,2.9295,3.7957,1.2800,0.5020
1023,52818,331,1.4264,3.4176,1.2600,-0.8180
1023,52818,540,0.8920,1.8008,1.3090,0.2320
1024,52826,118,1.1147,2.1526,1.2430,0.1590
1024,52826,312,2.5920,1.2693,1.3760,0.0030
1024,52826,528,0.8362,3.5225,1.2070,0.3030
1025,53239,81,0.3690,6.2473,1.2830,0.0570
1025,53239,91,1.6828,4.2532,1.3000,0.0260
1025,53239,383,1.5911,3.7621,1.2690,0.1880
1026,52558,4,1.5334,2.4704,1.2290,-0.0370
1026,52558,44,1.9509,3.8072,1.2040,0.3160
1026,52558,71,0.8078,2.1978,1.2690,0.4690
1026,52558,146,0.7561,2.7950,1.2360,0.2300
1027,52557,32,1.5566,2.5958,1.2880,0.0200
1027,52557,53,1.0739,4.2909,1.2230,0.1910
1027,52557,188,1.3099,1.6906,1.2910,-0.0880
1027,52557,264,1.1803,3.7459,1.2030,0.0340
1027,52557,287,1.7089,6.0544,1.2290,0.2540
1028,52562,32,1.4093,3.6879,1.1690,0.3940
1028,52562,197,0.8885,2.8725,1.2360,0.1840
1028,52562,396,0.9067,2.3070,1.2220,0.0520
1028,52562,410,1.7287,3.1286,1.1910,0.2650
1028,52562,458,1.9415,3.2315,1.2530,0.2800
1028,52562,523,1.5843,2.0514,1.2740,0.1390
1028,52562,539,1.3320,3.5369,1.2140,0.2270
1028,52562,564,2.0148,3.5493,1.1620,0.5360
1028,52562,593,0.7007,1.3382,1.3670,0.5340
1029,52912,7,1.3115,0.1406,1.3700,0.2110
1029,52912,160,0.9395,2.4762,1.2040,0.1770
1029,52912,181,1.1049,2.6412,1.2610,0.2520
1029,52912,415,2.5444,2.5669,1.2430,0.0860
1029,52912,449,1.8616,1.9544,1.3160,0.2880
1029,52912,523,2.3416,3.2714,1.2110,0.3270
1029,52912,542,1.6802,2.6752,1.2850,0.0470
1029,52912,591,1.0275,4.1709,1.1780,0.4190
1030,52914,18,1.2290,3.6602,1.2330,0.0150
1030,52914,38,2.4234,4.4051,1.2500,0.0900
1030,52914,48,0.9763,2.9859,1.2330,0.2630
1030,52914,60,0.7269,5.1691,1.2850,0.0850
1030,52914,115,1.9493,3.3746,1.2470,0.5720
1030,52914,129,0.5312,4.6163,1.2780,0.1120
1030,52914,170,0.4739,3.9724,1.3220,-0.1280
1030,52914,233,1.4579,2.5302,1.2410,0.2500
1030,52914,237,1.0054,3.4161,1.2230,0.2160
1030,52914,240,1.0388,2.0588,1.2440,0.1460
1030,52914,279,1.4577,3.4374,1.2220,0.1680
1031,53172,462,1.7618,2.3683,1.3100,0.3050
1031,53172,537,2.2071,3.4400,1.1630,0.1040
1032,53175,354,1.7535,1.3500,1.2720,0.2750
1032,53175,399,1.2750,2.1318,1.2660,0.2110
1032,53175,404,0.3761,4.0713,1.2570,0.0340
1032,53175,620,0.8325,1.0287,1.2950,0.3190
1033,52822,4,1.1644,3.1162,1.2250,0.0880
1033,52822,30,1.0417,1.4872,1.3740,0.2510
1033,52822,157,1.0209,3.4962,1.2370,0.1690
1033,52822,344,1.4502,1.9177,1.3010,0.0720
1033,52822,358,2.0103,3.1869,1.2620,0.1620
1033,52822,585,0.4370,3.0844,1.2030,0.1000
1033,52822,613,1.4111,1.8898,1.2970,-0.1260
1033,52822,626,2.3100,4.3956,1.1940,0.2100
1034,52525,343,1.6622,2.0402,1.2490,0.3350
1034,52525,496,0.8083,3.6658,1.2260,0.1870
1034,52525,559,2.9746,1.8593,1.2790,0.1930
1036,52582,605,1.7376,3.5438,1.2550,0.1750
1037,52826,34,1.4056,2.8414,1.2870,0.2220
1037,52826,68,0.5631,2.5308,1.2750,0.2520
1037,52826,90,1.9577,4.4395,1.1840,0.2220
1037,52826,442,1.1902,4.2009,1.2210,0.3800
1037,52826,559,0.6444,1.8609,1.2730,0.1730
1037,52826,584,0.5963,3.2541,1.3270,0.2430
1037,52826,600,1.4132,2.0825,1.3000,0.3120
1037,52826,623,1.9267,2.2082,1.2780,0.4210
1037,52826,628,1.4006,1.9189,1.2710,0.1780
1039,52707,166,0.4347,3.0835,1.2040,0.4730
1042,52725,203,1.1789,3.1805,1.2410,0.2280
1046,52460,109,1.6385,3.9230,1.2990,0.1410
1048,52736,532,0.7444,1.3907,1.5080,0.1080
1051,52468,476,0.6645,3.5475,1.1560,0.5650
1052,52466,115,2.9159,4.6793,1.1310,0.5420
1052,52466,432,1.2548,2.9811,1.2070,0.1940
1055,52761,438,0.5573,1.7198,1.3350,0.5050
1056,52764,153,2.6424,7.5537,1.1270,0.1970
1060,52636,284,0.8166,2.1476,1.1880,0.1280
1064,52577,273,0.6218,3.4617,1.2420,0.1930
1066,52589,95,1.1550,4.7900,1.1850,0.2700
1068,52614,144,1.4499,2.9851,1.2100,0.2110
1068,52614,373,1.6292,1.7684,1.1800,0.0120
1072,52643,224,1.2972,2.8361,1.2290,0.1210
1072,52643,502,0.5649,3.0876,1.1800,0.3100
1072,52643,616,0.4629,1.8059,1.2770,0.5720
1074,52937,107,0.5391,1.0920,1.4860,0.5000
1074,52937,156,0.3278,1.1849,1.4910,0.3850
1074,52937,282,1.1663,3.8977,1.2300,0.0720
1074,52937,375,2.0197,4.1052,1.1600,0.2290
1075,52933,90,2.0822,3.9934,1.2110,0.0300
1076,52914,203,1.1905,3.2312,1.2410,0.2940
1077,52644,85,0.1183,2.9405,1.2990,0.3910
1080,52614,536,1.6534,3.4136,1.2240,0.2510
1081,52531,396,1.1581,2.3768,1.2600,0.0890
1082,52523,95,1.2923,0.6700,1.3700,0.0120
1082,52523,254,1.7485,1.5868,1.2780,0.1390
1082,52523,497,0.6117,2.4663,1.2890,0.1960
1082,52523,550,0.5817,2.1581,1.2560,0.6410
1085,52531,427,0.9560,3.0917,1.3140,0.2600
1085,52531,561,0.8188,2.1029,1.2790,0.1880
1086,52525,195,0.3394,2.6893,1.2170,0.3370
1086,52525,284,1.1496,1.0452,1.3220,0.2250
1086,52525,298,0.9382,1.2191,1.3030,0.3830
1087,52930,183,0.9542,2.8476,1.2360,0.3950
1087,52930,293,0.9050,7.4412,1.2520,-0.0830
1089,52913,116,0.7916,2.1680,1.2530,0.1530
1089,52913,186,0.6117,3.3597,1.2830,-0.1120
1089,52913,198,0.6756,2.5786,1.2250,0.1840
1089,52913,382,0.8630,1.8850,1.3950,0.1840
1089,52913,536,1.6981,3.6708,1.1720,-0.0450
1089,52913,622,0.3646,1.5260,1.2850,0.3000
1090,52903,405,1.7937,1.6346,1.2570,0.1800
1091,52902,461,0.4321,3.0906,1.1880,0.2980
1093,52591,223,1.1157,1.5914,1.2450,0.0280
1096,52974,367,2.5259,2.1398,1.2520,0.1150
1096,52974,481,1.0428,1.5719,1.2580,0.3180
1106,52912,222,1.4790,2.8566,1.1660,0.2010
1106,52912,347,1.0085,1.6968,1.2640,0.3700
1107,52968,234,2.4417,4.3471,1.1290,0.1970
1115,52914,173,0.5960,1.6084,1.2680,0.3020
1158,52668,547,0.9768,1.8461,1.2300,0.3760
1158,52668,607,0.6013,2.0273,1.2710,0.4840
1159,52669,151,0.6800,1.5033,1.4140,0.2880
1159,52669,159,0.2453,0.4054,1.6690,0.0500
1159,52669,361,0.9253,2.5599,1.2630,0.4010
1163,52669,529,1.3039,1.7496,1.2340,0.1400
1167,52738,544,0.6743,1.9232,1.3150,0.4600
1168,52731,20,0.6809,1.3912,1.3640,0.3250
1168,52731,574,1.2747,3.1926,1.1950,0.2990
1169,52753,54,1.6141,3.5613,1.1890,0.2880
1170,52756,245,2.3896,2.9729,1.1780,0.3520
1170,52756,538,1.0560,3.4182,1.2050,0.3280
1170,52756,609,0.5793,1.6947,1.3180,0.7250
1171,52753,405,1.5143,3.1374,1.1990,0.1160
1172,52759,134,0.8581,2.3078,1.3820,0.2890
1174,52782,290,0.5134,3.6688,1.2000,0.1750
1175,52791,208,0.1542,2.2487,1.2740,0.3520
1177,52824,113,0.7712,3.2333,1.3460,0.1630
1177,52824,591,0.6337,2.5351,1.2600,0.4320
1178,52825,3,0.1696,2.1163,1.2680,0.4260
1178,52825,92,1.2354,2.3074,1.3780,0.1610
1178,52825,480,1.3827,2.9297,1.1920,0.2990
1178,52825,607,0.4827,0.9240,1.5110,0.2170
1189,52668,43,1.1335,3.5885,1.1890,0.0870
1194,52703,260,0.6686,1.9923,1.3670,0.5730
1194,52703,353,0.8012,1.4294,1.2880,0.4080
1194,52703,429,1.0735,2.9449,1.2040,0.4050
1195,52724,60,3.8279,11.6648,1.0490,0.0900
1195,52724,250,0.3004,1.3073,1.3820,0.0870
1196,52733,574,1.5533,0.0738,1.7350,0.1450
1197,52668,42,0.5453,2.8560,1.2440,0.2830
1197,52668,71,0.6435,1.6653,1.4250,0.3570
1198,52669,564,0.4456,2.7595,1.2440,0.1710
1199,52703,599,1.2674,3.3944,1.1590,0.4070
1202,52672,41,1.0890,2.3416,1.2440,0.2590
1204,52669,316,0.7334,2.6855,1.2280,0.0860
1205,52670,433,0.7431,2.1191,1.2110,0.7700
1207,52672,414,0.4446,1.5358,1.5940,0.1100
1210,52701,146,0.4959,1.3078,1.3450,0.4200
1210,52701,390,1.7014,3.8158,1.1680,0.3160
1212,52703,487,1.1666,2.6834,1.3480,0.1700
1213,52972,331,0.6716,1.2247,1.2800,0.4520
1213,52972,374,0.7042,2.9188,1.2210,0.2180
1217,52672,271,2.1423,4.6622,1.1360,0.2350
1220,52723,596,0.3611,2.0230,1.2730,0.2260
1223,52781,517,0.6442,2.0032,1.4040,0.0870
1224,52765,336,0.9779,2.0656,1.2460,0.3400
1226,52734,195,0.5413,1.1344,1.3490,0.5260
1227,52733,444,0.6780,2.6429,1.4180,0.2950
1227,52733,611,0.9115,2.5152,1.2660,0.0900
1230,52672,81,0.9531,3.2892,1.1750,0.2640
1230,52672,82,1.0990,4.4678,1.5790,-0.1250
1230,52672,246,0.3141,1.3753,1.4910,0.3020
1230,52672,518,0.4894,2.4072,1.2090,0.5700
1231,52725,31,0.6180,1.9938,1.3270,0.6910
1232,52731,317,0.8126,3.9899,1.1400,0.0080
1233,52734,47,1.0205,3.7560,1.2650,0.2170
1234,52724,308,1.3363,2.4996,1.1950,0.2350
1235,52734,632,0.5642,1.1757,1.4020,0.0090
1236,52751,251,0.4191,0.8641,1.3590,0.1690
1237,52762,429,1.4368,0.9342,1.3210,0.2230
1237,52762,536,2.3435,5.4333,1.1480,0.5220
1238,52761,409,0.2754,0.1691,1.6100,0.2200
1242,52901,176,1.4752,4.4798,1.1370,0.4380
1242,52901,540,1.4029,5.2903,1.1490,0.2540
1243,52930,223,3.6455,6.8789,1.1230,-0.0010
1243,52930,447,4.6737,4.9020,1.1660,0.0940
1264,52707,266,1.3930,2.0981,1.2330,0.2170
1266,52709,37,0.5248,1.5459,1.3660,0.1820
1267,52932,76,0.4186,2.2527,1.3460,0.1360
1267,52932,458,1.0878,2.0384,1.2820,0.3240
1268,52933,537,0.4901,2.2955,1.2900,0.3690
1270,52991,252,1.8708,4.2056,1.1650,0.4700
1275,52996,187,0.9454,1.8873,1.2330,0.5120
1276,53035,250,0.6201,0.8481,1.4490,0.0610
1277,52765,327,2.0948,4.9908,1.1750,0.2080
1281,52753,3,0.8687,2.0105,1.2140,0.4370
1281,52753,257,0.3468,1.4330,1.2480,0.6890
1281,52753,529,0.4232,2.0597,1.2700,0.6790
1283,52762,384,1.7899,2.4584,1.2340,0.1830
1283,52762,396,1.0374,1.9018,1.3780,0.4370
1286,52725,397,0.5793,2.0739,1.2200,0.5550
1288,52731,493,0.9095,3.0406,1.2420,0.4740
1289,52734,581,0.5435,1.5272,1.5080,0.0890
1290,52734,36,0.5508,2.4906,1.2560,0.2390
1290,52734,62,0.8562,3.3406,1.2310,0.3580
1296,52962,253,0.1345,0.1375,1.6480,0.0750
1300,52973,382,0.6440,1.1592,1.4990,0.3800
1302,52763,219,0.9375,1.4782,1.2620,0.1830
1307,52999,378,0.6322,2.5337,1.1840,0.5540
1308,53053,264,0.6566,2.8182,1.2080,0.4160
1310,53033,633,1.1587,4.3289,1.1660,0.1060
1311,52765,400,0.5178,0.2787,1.7110,0.0760
1313,52790,324,1.4771,4.5743,1.1880,0.2960
1314,53050,189,0.6397,1.2999,1.5850,0.1540
1314,53050,192,0.7516,1.6907,1.3060,0.3790
1314,53050,522,1.0041,4.3706,1.2200,0.1280
1315,52791,308,0.6475,3.9329,1.2400,0.2210
1315,52791,309,1.2529,1.7078,1.2630,0.2350
1318,52781,60,0.4372,0.9829,1.6120,0.3870
1318,52781,582,1.1738,2.2734,1.3140,0.3740
1319,52791,401,2.9712,7.9195,1.0950,0.4120
1321,52764,19,0.5037,3.7323,1.2140,0.2810
1322,52791,510,0.4607,1.9150,1.2790,0.5970
1322,52791,614,1.1292,2.1002,1.1950,0.4670
1324,53088,270,0.4353,0.7754,1.4360,0.3470
1328,52786,457,0.7481,3.5002,1.2320,0.1450
1329,52767,160,1.2598,3.2744,1.1880,0.3370
1329,52767,476,0.6646,2.3404,1.2820,0.4210
1330,52822,493,0.3050,1.6590,1.5860,0.2940
1331,52766,139,0.2335,2.1385,1.2880,0.4080
1331,52766,520,0.8871,2.3283,1.3960,0.1480
1333,52782,234,0.4165,1.0134,1.5650,0.0870
1334,52764,427,0.4503,1.2688,1.3850,0.2770
1335,52824,290,0.3970,2.7101,1.2410,0.4310
1335,52824,391,1.1404,3.4907,1.1390,0.3100
1336,52759,52,1.1483,1.8705,1.2180,0.5400
1339,52767,462,1.0779,3.3599,1.1900,0.3810
1343,52790,290,1.6888,3.0204,1.2140,0.2070
1344,52792,70,1.4834,4.4057,1.2090,0.1830
1345,52814,357,0.5073,1.8207,1.4500,0.3030
1356,53033,157,1.1319,3.1217,1.1870,0.4480
1356,53033,386,0.4939,2.5341,1.2880,0.4710
1357,53034,479,1.0647,2.6077,1.2500,0.3810
1359,53002,214,0.4303,1.2274,1.6310,0.0720
1359,53002,355,0.7245,1.4918,1.5450,0.2950
1360,53033,242,1.1687,3.2731,1.2630,0.3750
1360,53033,377,0.7458,2.2251,1.2140,0.5410
1361,53047,152,1.7348,3.9070,1.1910,0.2820
1361,53047,612,0.7617,1.6769,1.2940,0.2330
1362,53050,243,0.6263,2.1305,1.2210,0.4150
1363,53053,55,0.9352,2.7143,1.1760,0.3220
1363,53053,411,3.2469,7.1174,1.0700,0.6350
1363,53053,599,1.4014,5.9404,1.1620,0.1840
1364,53061,153,0.7440,1.6775,1.2660,0.4120
1364,53061,216,0.9355,1.3658,1.2470,0.5250
1364,53061,313,0.4478,1.2666,1.3430,0.1080
1364,53061,365,0.5209,0.9025,1.4750,0.1740
1364,53061,471,0.9979,1.8683,1.2060,0.5690
1366,53063,35,1.9427,1.8821,1.2830,0.1640
1368,53084,257,1.7484,2.6558,1.1920,0.3160
1368,53084,435,1.6538,2.9825,1.1890,0.1940
1369,53089,579,0.8501,2.9977,1.2030,0.3960
1370,53090,32,1.0709,2.9357,1.2100,0.1740
1370,53090,478,0.9350,3.6018,1.2870,0.3280
1371,52821,455,0.9491,2.1844,1.2500,0.2260
1372,53062,288,1.1748,1.7463,1.2430,0.5830
1372,53062,394,0.3579,1.4941,1.5130,0.2410
1373,53063,163,1.5660,2.5044,1.1940,0.2020
1376,53089,35,0.8590,0.6552,1.5720,0.1620
1376,53089,250,0.1659,0.4732,1.8630,0.0350
1377,53050,564,0.3342,0.8045,1.4550,0.3560
1378,53061,206,0.8628,1.6043,1.2640,0.6000
1379,53084,37,0.7364,2.9587,1.2460,0.2960
1379,53084,149,0.9753,2.4615,1.1950,0.5900
1379,53084,157,0.9722,1.6394,1.2370,0.4470
1379,53084,446,0.8776,2.1139,1.3160,0.2700
1379,53084,552,1.2342,3.0665,1.2580,0.3430
1380,53084,19,1.4327,3.7106,1.2220,0.1630
1384,53121,574,0.4293,1.3922,1.3220,0.6380
1385,53108,414,0.9722,2.9770,1.2010,0.2520
1389,53135,75,1.0905,2.4705,1.2000,0.7040
1390,53142,532,0.3196,2.2744,1.2960,0.3230
1391,52817,610,1.9498,3.4418,1.2190,0.3280
1392,52822,3,0.6258,2.0438,1.3480,0.3950
1394,53108,294,4.7108,10.2073,1.0250,0.6920
1398,53146,370,0.4139,1.2944,1.5030,0.4130
1400,53470,194,1.3700,3.7322,1.2070,0.2300
1400,53470,401,0.5882,0.8208,1.3080,0.2370
1401,53144,397,1.0763,5.9753,1.1460,0.1610
1403,53227,407,0.8898,2.4254,1.2530,0.3330
1403,53227,469,0.5188,3.5131,1.2360,0.3050
1404,52825,506,1.4935,3.2445,1.2250,0.1680
1409,52824,30,0.7476,1.5603,1.3150,0.4210
1409,52824,128,0.5714,0.8718,1.2850,0.4820
1417,53141,482,1.5440,5.3779,1.1370,0.6590
1419,53144,132,0.8060,3.0277,1.2550,0.3560
1419,53144,206,0.2617,1.4999,1.2620,0.8080
1423,53167,370,1.0098,1.4120,1.5170,0.4150
1425,52913,308,0.8558,3.8893,1.2060,0.4020
1425,52913,488,0.8705,2.2406,1.4970,0.3360
1426,52993,229,1.0316,4.2091,1.1400,0.1240
1427,52996,446,1.5339,2.2191,1.2240,0.2890
1428,52998,407,0.8517,2.6337,1.2220,0.3280
1429,52990,554,0.9600,1.7315,1.3970,0.3280
1430,53002,351,0.6870,0.4759,1.5520,0.1360
1431,52992,556,0.4960,2.4051,1.4380,0.1450
1436,53054,225,0.5139,1.9138,1.2590,0.5120
1436,53054,624,1.1761,2.5113,1.2370,0.5620
1437,53046,20,1.0050,1.4987,1.3050,0.7460
1438,53054,209,3.6958,5.1923,1.1580,0.2160
1439,53003,117,1.2686,2.9397,1.2100,0.6280
1439,53003,177,0.5831,2.5105,1.3450,0.3770
1442,53050,451,0.5954,2.5499,1.4020,0.4170
1442,53050,485,0.7979,2.3287,1.2890,0.5300
1443,53055,179,1.0926,2.9123,1.2470,0.2910
1445,53062,543,0.3525,1.1825,1.4100,0.0230
1450,53120,411,1.5443,3.0532,1.2010,0.1590
1452,53112,450,0.9417,1.6005,1.4440,0.3190
1453,53084,168,1.0847,3.9294,1.2230,0.2970
1454,53090,62,0.5066,4.7117,1.1980,0.3160
1454,53090,148,0.4802,0.8780,1.4880,0.1350
1455,53089,375,0.8557,1.8916,1.2560,0.4690
1456,53115,353,1.3648,2.0660,1.2710,0.4370
1456,53115,564,1.1022,2.7636,1.1940,0.2430
1457,53116,504,0.8005,2.8834,1.3520,0.5170
1460,53138,29,1.3002,2.0653,1.3050,0.2430
1460,53138,92,0.9389,3.1858,1.2060,0.5160
1462,53112,416,0.6577,1.5072,1.3670,0.3050
1463,53063,162,1.3670,3.0292,1.2290,0.6990
1463,53063,307,0.8134,2.7602,1.1900,0.6800
1464,53091,629,1.2237,2.8538,1.2190,0.2870
1465,53082,158,0.6814,3.5722,1.2830,0.1410
1465,53082,290,0.7342,2.8523,1.2440,0.0510
1465,53082,555,0.3234,0.5382,1.7330,0.0940
1473,52908,257,2.0173,5.4995,1.1920,0.0150
1474,52933,204,2.0242,4.5578,1.1500,0.4770
1485,52992,332,1.8244,1.8232,1.2390,0.0180
1485,52992,376,0.9244,2.1326,1.3520,0.0910
1486,52993,71,0.6996,2.0773,1.2550,0.4040
1486,52993,523,0.4866,4.6950,1.2850,0.1900
1486,52993,607,1.3980,2.0620,1.2570,0.1590
1490,52994,61,1.4236,3.2256,1.2390,0.1650
1490,52994,77,0.7021,2.4081,1.2770,0.5160
1490,52994,425,0.8732,2.2920,1.2970,0.0700
1491,52996,424,0.8092,3.2058,1.2170,0.3000
1491,52996,473,1.2223,2.9577,1.2040,0.5240
1491,52996,526,0.8061,2.9387,1.2620,0.4220
1492,52932,121,1.1187,4.5208,1.2140,0.1920
1492,52932,198,0.8676,3.0966,1.2730,0.0560
1492,52932,383,1.7589,1.9524,1.2370,0.2310
1492,52932,387,1.2846,2.9387,1.2760,-0.0980
1493,52933,377,2.4611,3.2056,1.2910,0.3080
1494,52937,4,1.2209,1.3942,1.2820,0.1040
1494,52937,40,1.4845,1.8445,1.1980,0.1770
1494,52937,248,2.0832,3.2247,1.2540,0.2220
1494,52937,383,1.8476,3.4449,1.2510,0.2690
1494,52937,509,0.7890,2.6780,1.2570,0.3920
1495,52944,88,0.4919,1.7878,1.3440,0.2580
1495,52944,179,2.5276,2.2864,1.2500,0.5270
1496,52883,73,1.0032,1.0040,1.2870,0.6070
1496,52883,163,0.3207,0.6667,1.4190,-0.2160
1496,52883,465,2.3057,4.4726,1.2530,0.1010
1496,52883,468,1.3264,2.9279,1.2530,0.2400
1497,52886,333,0.7027,2.8332,1.2230,-0.1470
1498,52914,473,0.5414,3.8360,1.2270,-0.1640
1498,52914,578,0.2028,2.4875,1.2880,0.3580
1499,53001,24,0.1820,1.0725,1.2690,0.2860
1499,53001,33,1.9849,1.9638,1.2710,0.2730
1499,53001,332,2.5480,2.0646,1.2090,0.2000
1499,53001,510,2.6063,3.0775,1.1920,0.0660
1502,53741,19,0.2733,1.6061,1.3360,0.2350
1502,53741,501,1.9286,0.9570,1.3040,0.2690
1505,52941,371,1.3685,1.0044,1.2890,0.4260
1505,52941,458,1.5031,4.0677,1.2160,0.2520
1506,53003,43,1.9040,4.2466,1.2990,-0.2540
1506,53003,114,1.2849,3.3068,1.2880,0.1660
1506,53003,513,1.3514,1.2055,1.2350,0.0340
1508,52944,353,0.6661,3.8376,1.2200,0.1390
1508,52944,561,1.4665,3.1961,1.1920,0.1710
1508,52944,583,0.4422,1.2120,1.3060,0.4040
1511,52946,90,1.0989,1.3282,1.2520,-0.2480
1538,52937,112,0.8994,4.4174,1.3590,0.0320
1538,52937,524,0.4657,2.3734,1.2290,0.1160
1539,52943,156,1.4792,4.3722,1.1990,0.2880
1539,52943,421,0.2575,2.9869,1.2240,0.0820
1539,52943,515,0.5148,3.3564,1.1970,0.4140
1541,53732,27,0.6372,0.7672,1.4530,0.6150
1541,53732,118,1.4633,3.1829,1.2830,0.1540
1541,53732,166,0.8294,1.3171,1.3410,0.2500
1541,53732,201,1.2333,2.3732,1.2520,0.5400
1541,53732,263,1.1908,2.4557,1.4230,0.1080
1541,53732,314,0.8342,4.8049,1.3820,-0.3300
1541,53732,397,0.7652,2.4654,1.2230,0.1160
1541,53732,426,2.2432,3.7120,1.2050,0.1370
1541,53732,486,0.9913,2.8943,1.2400,0.4640
1541,53732,509,1.1516,2.9831,1.2130,0.1870
1541,53732,585,1.4593,3.4511,1.1940,0.2630
1542,53734,72,1.0934,3.3660,1.2530,0.2570
1542,53734,75,1.0316,2.5083,1.2740,0.1950
1542,53734,114,0.7944,3.7275,1.2540,0.3370
1542,53734,260,0.5976,4.4718,1.2180,0.4470
1542,53734,268,0.3688,5.0756,1.1960,0.1600
1542,53734,523,0.5811,1.8539,1.4650,0.2610
1543,53738,25,1.2141,2.5586,1.1660,0.4260
1543,53738,26,0.9921,3.8350,1.1780,0.1770
1543,53738,84,1.0281,5.8696,1.2640,0.2440
1543,53738,132,0.8545,2.2925,1.2950,0.4290
1543,53738,219,2.3047,3.0284,1.1730,0.1850
1543,53738,257,0.7783,4.2004,1.2430,0.2900
1543,53738,305,0.5409,1.6960,1.4610,0.4820
1543,53738,485,1.0367,2.5548,1.4020,0.3520
1543,53738,538,1.2196,2.0142,1.2290,0.4410
1543,53738,572,1.3989,2.0915,1.1770,0.4500
1543,53738,610,2.0771,2.6408,1.1640,0.4200
1551,53327,80,0.6784,3.9876,1.3370,0.0820
1551,53327,105,0.8504,2.4287,1.3170,0.5070
1551,53327,243,1.2002,2.9707,1.3420,0.0290
1551,53327,285,1.3694,0.5442,1.3410,-0.2850
1555,53287,297,2.1459,2.6626,1.2760,0.5440
1557,53301,285,1.9697,0.3398,1.4220,0.1590
1557,53301,303,0.9069,4.0323,1.3170,-0.0610
1558,53271,170,1.6239,2.7270,1.2230,0.2640
1558,53271,329,1.3119,2.1241,1.3150,-0.1020
1558,53271,586,0.9169,2.8235,1.2400,-0.0160
1559,53271,52,1.3849,2.1155,1.2100,0.2200
1559,53271,173,1.4872,4.5044,1.2540,0.1950
1559,53271,195,0.6473,3.2847,1.1690,0.6150
1559,53271,262,0.7499,1.4054,1.4100,0.4490
1559,53271,281,1.0760,3.3150,1.2480,-0.0520
1559,53271,303,1.6642,2.1642,1.2890,0.1660
1561,53032,51,1.6795,2.6726,1.2570,-0.0210
1564,52991,626,0.8074,3.3384,1.2840,0.3190
1566,53003,302,0.9928,3.6641,1.3330,0.3990
1569,53168,354,0.9275,1.8548,1.2860,0.2790
1571,53174,462,1.3203,3.2902,1.2130,0.2310
1572,53177,390,0.9787,2.7518,1.2430,-0.0170
1572,53177,573,1.0436,1.3911,1.4390,0.0530
1573,53226,396,0.4594,1.8778,1.3540,0.7990
1573,53226,475,1.5025,3.6302,1.3260,0.2680
1573,53226,591,0.4293,1.6851,1.2750,0.4270
1574,53476,213,0.3203,2.7485,1.1870,0.3480
1576,53496,505,0.6281,1.7008,1.2960,0.3810
1580,53145,465,0.4183,2.9936,1.3290,0.3910
1582,52939,14,0.5003,3.2788,1.2930,0.2800
1584,52943,223,0.8412,3.6473,1.1600,0.2850
1587,52964,60,0.2159,2.0746,1.2550,0.4950
1587,52964,232,0.4845,3.6172,1.2030,0.1600
1590,52974,613,0.4034,1.1441,1.5400,0.1990
1593,52991,223,0.2013,1.2401,1.4710,0.5520
1593,52991,224,0.7164,1.8372,1.3710,0.5060
1593,52991,410,0.3692,2.3430,1.2150,0.2590
1594,52992,526,0.5019,2.4259,1.3230,0.3280
1595,52999,203,1.0508,1.8281,1.2240,0.4540
1595,52999,476,0.8147,2.0737,1.2080,0.3630
1597,52999,264,0.6268,0.9630,1.4720,0.2170
1598,53033,378,0.7151,2.1785,1.3270,0.2750
1598,53033,414,1.7500,1.5716,1.3410,0.3020
1599,53089,395,1.1625,0.1589,1.5040,0.2370
1599,53089,442,1.8764,2.6060,1.2730,0.4340
1600,53090,28,0.2305,0.8370,1.2550,0.1750
1600,53090,558,1.0087,2.7655,1.2150,0.4710
1601,53115,289,0.5816,1.0344,1.2860,0.5640
1601,53115,388,0.3685,1.0021,1.5240,0.2710
1601,53115,514,1.2402,2.8693,1.1860,0.2560
1607,53083,25,1.0316,2.3529,1.2010,0.1620
1609,53142,196,0.4194,1.9576,1.3430,0.4740
1611,53147,74,0.9566,3.9210,1.2290,0.2130
1613,53115,343,0.7662,1.6810,1.2870,0.5160
1615,53166,508,1.0885,1.2511,1.2500,0.6080
1616,53169,205,2.9295,4.3997,1.1010,0.5640
1616,53169,245,0.4136,2.5967,1.2270,0.0950
1618,53116,490,0.8840,2.5159,1.2420,0.6230
1618,53116,557,0.8514,2.7931,1.2150,0.2350
1620,53137,505,0.9621,3.0436,1.2550,0.3650
1622,53385,609,0.9902,2.3690,1.2550,0.2520
1623,53089,344,1.0923,2.4451,1.2130,0.3990
1623,53089,352,1.9824,2.3788,1.1720,0.2170
1624,53386,513,0.4795,1.4377,1.5940,0.1560
1626,53472,351,0.8908,2.9004,1.2280,0.3670
1626,53472,539,0.7475,8.7328,1.1990,0.1370
1627,53473,299,0.4553,0.7580,1.8160,0.3080
1627,53473,352,0.5068,1.8835,1.2870,0.1430
1627,53473,426,1.9362,8.6477,1.0640,0.6210
1627,53473,453,0.5579,3.8153,1.2630,0.2070
1627,53473,533,0.5715,1.1469,1.5820,0.1600
1642,53115,226,0.9083,1.4588,1.2890,0.3750
1644,53144,168,1.4385,3.2794,1.1640,0.3470
1644,53144,271,1.0504,2.3479,1.2740,0.2170
1644,53144,306,2.6104,0.1643,1.6640,0.3970
1648,53171,232,0.3236,1.0771,1.4070,0.4330
1648,53171,558,2.0972,3.1030,1.2120,0.2310
1651,53442,255,4.0791,16.4973,1.0170,0.2290
1652,53555,605,0.7670,3.1118,1.2380,0.1840
1653,53534,535,0.9439,1.6450,1.2360,0.2450
1653,53534,563,0.6742,2.3580,1.2320,0.2640
1653,53534,601,1.3797,2.3468,1.2040,0.4060
1656,53533,581,0.2796,1.0765,1.4330,0.1800
1659,53224,572,1.0632,3.1661,1.2380,0.3050
1667,53430,622,0.8355,2.7445,1.2500,0.5620
1668,53433,394,0.3941,1.6016,1.2520,0.3470
1668,53433,573,2.4906,2.5524,1.2000,0.3010
1669,53433,381,1.9714,2.7144,1.1750,0.5100
1671,53446,42,0.7924,2.1756,1.2990,0.2840
1671,53446,605,0.8162,0.8804,1.4350,0.4680
1672,53460,536,1.8784,2.9864,1.2320,0.1490
1673,53462,273,0.5242,3.2824,1.3310,0.3940
1674,53464,572,0.4418,1.0427,1.4060,0.2990
1679,53149,324,0.4815,1.8821,1.3090,0.1550
1680,53171,219,4.1519,5.7731,1.1920,0.2310
1680,53171,244,0.8245,2.0710,1.3470,0.1440
1681,53172,596,0.9180,0.6978,1.3270,0.6300
1683,53436,192,0.8514,0.8190,1.4090,0.2790
1683,53436,239,0.5388,1.7424,1.2710,0.2430
1683,53436,256,0.3506,0.0306,1.8210,0.0230
1683,53436,429,1.2501,2.6030,1.2360,0.3380
1684,53239,88,1.5978,3.0934,1.2080,0.4390
1684,53239,457,1.0891,1.4320,1.3430,0.3520
1685,53463,208,1.1188,1.7545,1.2250,0.6150
1686,53472,502,0.2484,2.6760,1.2630,0.2220
1687,53260,419,0.5073,0.8813,1.3450,0.2160
1689,53177,421,0.5775,1.5017,1.4060,0.0750
1691,53260,42,0.9685,2.2559,1.3070,0.5550
1691,53260,152,0.4254,1.9909,1.2540,0.4980
1692,53473,363,0.5583,3.1230,1.1840,0.4080
1696,53116,396,1.0097,0.7564,1.3320,0.6110
1698,53146,434,1.5975,1.9548,1.3900,0.3010
1701,53142,390,0.7907,2.6258,1.2600,0.4230
1706,53442,24,0.9561,3.1598,1.2300,0.0770
1708,53503,135,0.7811,1.6766,1.2990,0.2010
1708,53503,180,1.3744,3.4042,1.1870,0.2610
1708,53503,200,0.7629,3.0347,1.1870,0.3130
1708,53503,466,1.3499,3.7741,1.2110,0.2530
1709,53533,166,0.5911,1.4090,1.2120,0.3680
1710,53504,6,2.9444,4.7152,1.1390,0.3070
1710,53504,364,0.9005,1.9155,1.2850,0.3120
1710,53504,632,2.3847,6.2833,1.1480,0.2250
1711,53535,480,0.7186,2.3411,1.2240,0.3930
1711,53535,498,0.3132,2.1110,1.3050,0.3630
1711,53535,558,1.1188,2.5213,1.2260,0.5650
1712,53531,106,0.3559,0.7731,1.6000,0.1740
1713,53827,389,1.2104,2.9784,1.2750,0.1640
1714,53521,124,0.3594,1.8832,1.4740,0.2190
1715,54212,72,1.0568,1.8484,1.3580,0.6500
1715,54212,241,2.1788,1.1095,1.4380,0.1500
1719,53876,602,0.7621,4.1216,1.2290,0.0520
1727,53859,385,0.7087,1.5095,1.3750,0.0670
1731,53884,117,0.9180,1.5839,1.3810,0.1480
1731,53884,175,1.0777,1.3649,1.3530,0.5460
1733,53047,23,0.9477,2.9657,1.2630,0.3100
1735,53035,369,0.6528,1.9091,1.2530,0.5140
1736,53052,33,1.2052,1.7979,1.3040,0.4350
1736,53052,353,1.0384,2.2075,1.4250,0.3040
1737,53055,91,0.6699,1.2017,1.2880,0.5260
1737,53055,332,1.1428,2.2748,1.2520,0.4890
1740,53050,630,0.3277,1.9217,1.2230,0.4110
1745,53061,410,1.1830,1.8920,1.2720,0.2340
1746,53062,387,0.5836,1.7834,1.4390,0.1810
1746,53062,487,0.4112,2.7214,1.2440,0.5070
1749,53357,101,0.7074,1.6323,1.3230,0.3330
1749,53357,174,1.1996,2.2307,1.2190,0.4090
1750,53358,64,0.3065,0.8894,1.3840,0.1510
1750,53358,251,0.3577,2.9585,1.2180,0.3170
1750,53358,606,0.4413,0.0243,1.8770,0.1320
1750,53358,626,1.1203,1.6931,1.2340,0.1370
1751,53377,440,0.8141,2.5964,1.1510,0.3780
1751,53377,520,1.0505,3.2719,1.2280,0.2550
1751,53377,579,3.3283,8.2313,1.1820,0.1950
1755,53386,578,1.6161,1.7916,1.2200,0.3370
1758,53084,189,1.7982,2.1715,1.2400,0.5200
1758,53084,504,0.3990,1.9456,1.5050,0.2210
1763,53463,3,1.1870,1.1368,1.3410,0.4640
1763,53463,601,0.6352,1.1030,1.3130,0.6270
1764,53467,590,2.0082,2.9271,1.2690,0.2450
1764,53467,602,0.8743,1.6539,1.2970,0.4320
1765,53466,268,1.5279,2.6779,1.2490,0.3860
1765,53466,428,0.5957,3.2164,1.2990,0.3550
1767,53436,297,0.4624,1.2047,1.2640,0.4440
1767,53436,510,0.7417,2.2800,1.3840,0.1320
1768,53442,225,1.0543,2.3362,1.2180,0.4800
1769,53502,347,0.2912,1.8712,1.3630,0.4890
1771,53498,350,0.6678,1.2547,1.3050,0.3420
1773,53112,348,0.4803,2.3844,1.3030,0.2430
1775,53847,79,0.9776,2.8340,1.2510,0.2800
1775,53847,147,2.3524,6.7556,1.1780,0.1540
1776,53858,183,0.2686,1.1542,1.3780,0.1970
1776,53858,415,0.3709,2.4353,1.2250,0.4460
1777,53857,380,0.8262,3.2196,1.2310,0.2670
1777,53857,521,1.1497,1.9573,1.2810,0.1680
1784,54425,468,1.3452,2.2433,1.2120,0.4270
1787,54465,322,1.5586,3.7763,1.1470,0.4650
1787,54465,463,1.0358,2.6824,1.1990,0.5390
1788,54468,221,0.8968,0.4213,1.3850,0.2410
1788,54468,255,0.4056,0.9806,1.4840,0.2850
1792,54270,119,4.6955,7.4992,1.0500,0.5650
1793,53883,49,0.5994,2.4449,1.3010,0.2920
1793,53883,202,0.4983,1.9418,1.2730,0.3240
1793,53883,410,2.2322,1.9412,1.2960,0.7090
1795,54507,568,0.8530,2.5543,1.2450,0.4730
1797,54507,284,0.9292,3.3228,1.2490,0.3150
1800,53884,89,0.7181,2.4022,1.2770,0.6530
1802,53885,138,1.6026,2.0193,1.2460,0.4640
1802,53885,277,1.0340,2.7104,1.2860,0.2600
1806,53559,28,1.3422,2.2779,1.2210,0.3780
1807,54175,306,1.5418,3.5712,1.1920,0.1530
1808,54176,179,1.4822,3.1678,1.1750,0.4170
1808,54176,398,0.9815,1.6910,1.2710,0.5460
1809,53792,158,0.2971,2.6598,1.2350,0.2810
1809,53792,249,1.1219,2.3427,1.2160,0.2220
1809,53792,611,0.1065,1.2468,1.5030,-0.0190
1810,53794,63,1.1470,2.6823,1.2710,0.4350
1810,53794,147,0.7777,2.0307,1.2260,0.6070
1810,53794,494,1.5868,5.2131,1.1330,0.3830
1810,53794,583,1.1116,3.0789,1.2170,0.4620
1811,53533,227,1.0183,3.6225,1.1880,0.2250
1811,53533,243,0.7148,2.0150,1.3050,0.3650
1812,53795,639,0.3642,1.4863,1.2940,0.2700
1813,53903,202,0.7294,5.2630,1.1740,0.2350
1814,54555,166,1.1438,4.1674,1.2290,0.3280
1815,53884,266,1.3845,2.7262,1.2990,0.3020
1820,54208,495,0.8841,2.2146,1.2160,0.3350
1820,54208,549,0.7044,2.5410,1.2520,0.2960
1821,53167,268,0.6317,1.0860,1.4760,0.3770
1821,53167,293,0.6289,1.7023,1.3530,0.2640
1822,53172,35,0.3016,3.0177,1.2740,0.1620
1823,53886,616,0.8373,1.4429,1.2830,0.5740
1825,53504,101,0.2082,1.5417,1.4510,0.2020
1827,53531,114,2.4862,4.1855,1.1460,0.3990
1827,53531,330,0.6683,2.3843,1.2500,0.3180
1827,53531,551,0.6300,1.8142,1.2970,0.5380
1827,53531,620,0.1492,0.9226,1.3220,0.5270
1828,53504,7,1.0994,1.9974,1.3380,0.2660
1828,53504,208,0.4075,1.8694,1.3740,0.4960
1828,53504,500,0.5527,3.3159,1.1900,0.4830
1829,53494,125,0.8845,2.8798,1.2100,0.3170
1831,54557,635,0.4640,1.4653,1.3560,0.3940
1832,54259,431,0.9088,1.7777,1.4960,0.2920
1833,54561,335,0.2868,2.1261,1.3000,0.2490
1837,53494,165,1.0961,0.6461,1.5150,0.1890
1837,53494,425,0.7497,2.5804,1.2040,0.5020
1839,53471,276,0.9954,2.9207,1.2020,0.3340
1839,53471,405,0.3911,1.1814,1.3100,0.1360
1840,53472,511,0.1581,2.1173,1.3570,0.1000
1842,53501,237,0.1543,2.4811,1.2600,0.4850
1842,53501,242,0.2296,2.4383,1.3660,0.5690
1842,53501,581,0.8518,1.4263,1.4050,0.4490
1844,54138,286,1.2497,3.3608,1.1850,0.0990
1846,54173,452,0.8183,2.4832,1.3000,0.2370
1851,53524,462,0.2526,2.8244,1.2610,0.1910
1866,53314,217,1.0034,2.9221,1.2360,0.4190
1872,53386,239,0.8770,2.2274,1.2160,0.3590
1874,54452,522,1.3311,2.1335,1.3060,0.2140
1921,53317,42,0.5656,2.1172,1.2260,0.4240
1921,53317,221,0.4949,2.1254,1.2980,0.5580
1921,53317,281,3.8338,5.7342,1.1040,0.6200
1922,53315,530,0.5610,2.3157,1.3100,0.3860
1927,53321,594,1.0449,1.8132,1.2910,0.3800
1931,53358,278,1.1846,2.0600,1.4150,0.2990
1932,53350,37,1.4435,2.9638,1.1750,0.0970
1936,53330,351,0.7490,2.3991,1.2250,0.5070
1938,53379,133,0.2214,1.5321,1.5630,0.1510
1941,53386,7,1.2578,3.2126,1.2600,0.2600
1942,53415,599,0.6381,1.9320,1.3020,0.2380
1943,53386,90,0.3504,2.5550,1.2610,0.6670
1943,53386,285,0.4381,2.3316,1.2340,0.2770
1943,53386,391,0.2987,1.6048,1.5000,0.0450
1947,53431,328,0.8127,2.6524,1.1810,0.3070
1950,53436,112,1.1492,2.8226,1.2050,0.4460
1951,53389,444,0.9247,3.8885,1.1890,0.2190
1952,53378,556,1.7107,3.9976,1.2400,-0.4040
1953,53358,380,1.3879,2.1101,1.2030,0.4200
1955,53442,259,2.1222,3.5900,1.2300,0.2150
1957,53415,54,0.6236,0.8451,1.4820,0.2960
1957,53415,209,1.0353,1.9408,1.2010,0.6120
1971,53472,210,1.0010,1.9785,1.3060,0.1570
1972,53466,568,0.8158,1.5159,1.3270,0.2520
1973,53432,350,0.7476,1.4560,1.2440,0.5720
1973,53432,629,1.2080,2.8799,1.2430,0.3450
1974,53430,200,2.1732,4.1418,1.1300,0.3560
1974,53430,312,1.6677,2.8007,1.1850,0.1960
1974,53430,425,3.5528,6.7681,1.1100,0.1930
1975,53734,565,0.6370,1.3943,1.3390,0.4470
1979,53431,494,1.8079,3.2782,1.2120,0.1580
1982,53436,34,1.2059,2.1852,1.2020,0.3800
1982,53436,38,0.3216,3.1199,1.2130,0.2810
1982,53436,623,0.7680,2.6365,1.2670,0.2730
1983,53442,263,1.1356,3.7285,1.1990,0.3820
1985,53431,394,1.0429,1.8859,1.1870,0.5220
1987,53765,207,1.0456,2.1327,1.1890,0.5310
1990,53472,220,1.1156,3.7131,1.1720,0.2980
1990,53472,229,1.3342,3.3066,1.2590,0.1580
1990,53472,335,1.0538,2.0847,1.2090,0.5670
1991,53446,174,0.1875,2.1728,1.3310,0.2490
1994,53845,374,0.6303,1.1324,1.4700,0.3650
1994,53845,499,0.9378,2.2716,1.3040,0.3450
1994,53845,611,2.8471,4.3653,1.1730,0.2790
1995,53415,152,4.9407,6.7162,1.1120,0.3860
1999,53503,130,1.3474,2.4712,1.2770,0.3300
1999,53503,545,0.7900,2.1342,1.2310,0.3690
2000,53495,419,0.9983,1.5290,1.2380,0.2460
2002,53471,195,0.4501,0.0096,1.7410,0.1300
2003,53442,28,0.9526,0.7916,1.3830,0.0950
2004,53737,17,1.3325,2.6929,1.2350,0.0330
2004,53737,43,0.3059,1.1337,1.4710,0.2830
2004,53737,194,0.5085,0.7086,1.5500,0.1280
2006,53476,2,0.4167,4.1675,1.2450,0.1730
2006,53476,144,1.2913,2.7418,1.2490,0.3630
2008,53473,505,2.1086,5.8461,1.0590,1.0930
2010,53495,525,1.4168,4.9478,1.1540,0.2640
2011,53499,167,1.1682,2.2298,1.2920,0.4610
2012,53493,521,0.7091,2.2915,1.2210,0.3940
2017,53474,39,0.9065,2.6999,1.2590,0.3850
2017,53474,488,0.7739,3.0669,1.2710,0.4400
2021,53475,639,0.8112,1.8164,1.2100,0.7300
2022,53827,520,0.6532,0.7177,1.5800,0.0850
2023,53851,63,1.7680,1.3971,1.3840,0.4360
2024,53503,582,0.6304,2.0452,1.2270,0.4980
2025,53431,180,4.2315,7.0229,1.0730,0.4860
2025,53431,470,0.5493,2.3756,1.2930,0.4750
2026,53711,108,2.2277,3.3767,1.1760,0.3720
2027,53433,572,1.0951,0.8208,1.5050,0.1880
2028,53818,297,1.1208,2.0825,1.2030,0.4880
2028,53818,471,1.2460,2.1252,1.2480,0.2360
2029,53819,487,1.5701,3.1688,1.1790,0.2880
2030,53499,187,0.3336,1.7908,1.2300,0.2800
2030,53499,450,0.4448,3.4218,1.1980,0.2370
2031,53848,291,0.3540,0.8162,1.4860,0.3680
2032,53815,40,1.7044,3.5071,1.1720,0.4700
2035,53436,2,1.4765,0.9576,1.3290,0.4270
2035,53436,276,0.2688,1.9971,1.2540,0.3360
2036,53446,285,0.4000,1.0255,1.4890,0.3860
2036,53446,306,0.8320,2.4483,1.2620,0.2850
2037,53446,168,1.3270,3.6004,1.1640,0.2680
2080,53350,271,0.9332,2.8877,1.3020,0.2940
2083,53359,11,0.6896,1.6026,1.3140,0.4790
2085,53379,586,1.0170,3.1630,1.1590,0.3080
2087,53415,90,1.5519,2.8908,1.1990,0.1720
2088,53493,22,0.8902,2.5638,1.2300,0.2910
2089,53498,158,0.6526,2.5030,1.3690,0.2080
2089,53498,445,0.3045,1.3372,1.5590,0.2170
2089,53498,593,0.5458,1.4272,1.4510,0.3490
2092,53460,424,2.2929,3.0341,1.2300,0.3930
2095,53474,344,1.3637,4.6403,1.2160,0.1070
2097,53491,255,1.0732,3.5722,1.2200,0.3840
2097,53491,271,0.8077,3.0739,1.2940,0.2520
2097,53491,448,0.4011,1.4898,1.3150,0.4570
2097,53491,606,0.7567,2.0309,1.2590,0.2350
2098,53460,220,0.5427,0.9899,1.5190,0.1690
2099,53469,425,0.5354,0.3063,1.4960,0.2640
2102,54115,371,0.3736,1.8268,1.4400,0.3700
2103,53467,242,1.0071,3.5633,1.2180,0.1900
2104,53852,384,0.5053,1.0761,1.6270,0.1420
2106,53714,174,0.8076,2.8862,1.3000,0.2470
2106,53714,390,1.0130,1.6112,1.2550,0.5040
2107,53786,566,1.1534,5.4828,1.1790,0.2600
2108,53473,476,0.1860,0.6998,1.4630,0.0980
2109,53468,522,0.1371,1.3413,1.3440,0.5990
2109,53468,562,1.6391,3.2543,1.2560,0.4750
2110,53467,409,1.9688,5.3664,1.1200,0.5290
2110,53467,466,3.8435,10.9200,1.0520,0.2620
2111,53467,602,1.0304,3.0672,1.1780,0.3530
2112,53534,293,1.4104,3.6648,1.1550,0.3540
2115,53535,91,1.7513,4.1073,1.1370,0.6200
2115,53535,206,1.4855,3.2279,1.2090,0.3120
2115,53535,385,0.3642,5.5809,1.2780,0.1740
2116,53854,336,0.6311,2.0097,1.3180,0.7550
2117,54115,70,1.5505,4.5331,1.1910,0.1960
2118,53820,387,0.6829,1.4398,1.4640,0.2180
2118,53820,618,0.6140,1.8451,1.2850,0.3580
2119,53792,135,4.3281,11.4756,1.0430,0.3010
2119,53792,427,0.2517,2.2309,1.2650,0.4120
2121,54180,600,0.7803,1.4670,1.3440,0.3660
2122,54178,38,0.8033,3.2302,1.2240,0.1900
2122,54178,509,0.5869,2.2024,1.4040,0.2230
2122,54178,562,0.8981,1.8184,1.4160,0.1910
2123,53793,56,1.1981,2.3049,1.1930,0.2410
2123,53793,63,0.6018,2.2505,1.3300,0.3850
2123,53793,198,1.0018,2.8171,1.3450,0.4080
2123,53793,242,2.4585,5.5541,1.0780,0.7690
2123,53793,509,1.2323,3.1390,1.1660,0.2480
2126,53794,223,0.6003,4.2295,1.2940,0.2000
2127,53859,63,0.5734,2.3218,1.1710,0.5600
2127,53859,177,0.5048,2.6992,1.2460,0.1630
2127,53859,311,0.3155,0.8644,1.3750,0.0420
2128,53800,332,0.5511,1.7997,1.3520,0.0960
2128,53800,400,1.9119,2.3269,1.2440,0.3920
2129,54243,273,0.7608,1.9258,1.3010,0.4750
2130,53881,205,1.3409,2.3797,1.2980,0.2620
2130,53881,555,1.1532,2.5605,1.2440,0.3980
2132,53493,445,4.7885,7.4029,1.0760,0.2040
2133,53917,543,0.2623,1.6430,1.3590,0.3700
2133,53917,554,0.5153,2.3311,1.5310,0.1000
2134,53876,400,1.1264,2.1099,1.2830,0.2350
2134,53876,511,0.6527,1.9107,1.3670,0.1220
2137,54206,53,0.6963,2.5271,1.3000,0.4550
2138,53757,11,1.0852,3.0878,1.2560,0.2800
2138,53757,542,0.8915,2.3517,1.2440,0.4120
2138,53757,608,0.5464,2.0792,1.3780,0.4270
2140,53858,105,1.0222,2.7966,1.2540,0.1870
2141,53764,208,2.3740,4.9437,1.1240,0.2780
2142,54208,108,0.9147,2.6023,1.2450,0.4000
2142,54208,187,1.4180,2.8186,1.2700,0.4530
2142,54208,260,0.9114,3.9344,1.2550,0.0020
2143,54184,404,1.0053,2.4520,1.2260,0.2180
2144,53770,550,3.5992,10.7764,1.0480,0.4620
2148,54526,339,0.4689,1.9685,1.2470,0.5890
2148,54526,377,1.2777,2.9888,1.2250,0.3250
2149,54509,408,0.5207,0.9080,1.5350,0.1750
2151,54523,479,0.2696,2.9505,1.2060,0.4830
2154,54539,338,1.7592,5.2438,1.1680,0.3680
2154,54539,485,1.5971,2.5278,1.1830,0.6130
2155,53820,479,3.8832,14.7827,1.0230,0.3250
2155,53820,552,0.1571,2.4948,1.3100,0.2990
2156,54525,26,0.8217,1.6533,1.3110,0.3570
2156,54525,387,0.4856,2.2246,1.2040,0.6620
2157,54242,283,0.8400,2.7487,1.2530,0.0010
2157,54242,334,0.5180,0.0427,1.6070,0.0270
2157,54242,537,0.7972,1.1858,1.3200,-0.0090
2158,54209,325,0.6002,2.0339,1.2160,0.3280
2159,54328,94,0.3191,3.6809,1.2390,0.3530
2159,54328,222,1.5885,4.1033,1.1880,0.1630
2160,53885,495,0.3216,1.7393,1.3620,0.5230
2161,53878,190,1.4355,4.5206,1.1690,0.4120
2169,53556,364,0.1473,2.3725,1.2200,0.6220
2170,53875,133,0.3634,1.3158,1.5720,0.3900
2171,53557,324,4.7061,6.9632,1.0460,0.5640
2172,54230,467,1.0651,2.4222,1.2200,0.5010
2172,54230,575,1.9171,3.0520,1.2410,0.2890
2196,53534,640,0.8002,2.9045,1.2160,0.3730
2197,53555,294,0.7266,2.9247,1.2100,0.2340
2202,53566,522,0.4016,1.8981,1.3670,0.0900
2202,53566,575,1.0162,2.5195,1.2520,0.4030
2203,53915,474,0.6302,3.2287,1.2820,0.3940
2204,53877,197,1.2087,2.9649,1.1560,0.5510
2204,53877,438,0.5062,0.3089,1.4120,0.5210
2205,53793,164,1.0599,3.3418,1.2590,0.3320
2208,53880,393,0.5388,0.3092,1.3500,-0.0960
2208,53880,497,0.6433,0.1034,1.4680,-0.1330
2212,53789,461,1.5357,3.7288,1.1890,0.2440
2213,53792,25,2.0088,2.9858,1.2030,0.2060
2213,53792,418,0.4341,2.2466,1.1980,0.6460
2214,53794,441,0.4097,2.5568,1.2580,0.3400
2215,53793,19,0.7642,2.3276,1.2860,0.1170
2215,53793,174,0.7368,2.5288,1.2210,0.5730
2216,53795,167,0.7084,1.6608,1.3770,0.2140
2216,53795,446,0.2092,0.4516,1.8550,-0.0370
2219,53816,478,1.5465,1.9730,1.2470,0.3880
2219,53816,585,1.6298,3.1879,1.2640,0.1960
2220,53795,109,0.3887,3.3838,1.2380,0.3650
2224,53815,239,1.3719,3.2816,1.3000,0.1440
2225,53729,599,0.4080,0.9490,1.3450,0.3360
2227,53820,389,2.9998,13.9202,1.0290,0.2650
2228,53818,60,0.9705,2.3290,1.3840,0.1850
2228,53818,315,0.2561,1.7349,1.4310,0.3700
2229,53823,31,2.5906,6.6201,1.1790,0.2900
2229,53823,502,1.3129,2.6765,1.1680,0.4390
2230,53799,200,1.1131,2.7971,1.2250,0.4090
2230,53799,539,0.6258,2.1749,1.3740,0.3310
2231,53816,326,0.8922,0.3246,1.4900,-0.0570
2232,53827,455,0.3863,1.9809,1.3680,0.1990
2235,53847,3,1.3086,2.2544,1.3320,0.2840
2235,53847,114,5.7476,6.0455,1.1250,0.4630
2237,53828,259,3.6557,7.2162,1.1060,0.5310
2238,54205,106,1.8789,3.2554,1.2090,0.3320
2239,53726,81,0.9371,2.7659,1.2980,0.1620
2241,54169,324,0.8134,1.9296,1.2630,-0.0120
2241,54169,451,1.8342,5.5290,1.1450,0.4120
2243,53794,259,0.6703,2.6375,1.3310,0.2190
2243,53794,482,0.3222,2.9363,1.3160,0.4540
2245,54208,151,0.3010,1.7657,1.3880,0.4460
2246,53767,444,0.7990,2.8209,1.2110,0.5640
2246,53767,545,0.4088,1.8836,1.2750,0.6240
2264,53682,518,0.9830,4.4469,1.2260,0.2220
2266,53679,315,0.9277,1.0578,1.2590,0.1840
2272,53713,53,0.4671,3.7131,1.2660,0.3630
2272,53713,637,0.3689,1.1483,1.7410,0.0300
2274,53726,110,1.0853,3.8996,1.1980,0.4090
2274,53726,406,1.4726,4.1253,1.1410,0.3200
2276,53712,216,0.2858,3.8989,1.2410,0.2440
2278,53711,601,1.2385,3.0705,1.1930,0.2090
2280,53680,89,1.2123,2.7857,1.2280,0.3070
2286,53700,640,1.3674,3.6180,1.2120,0.2180
2290,53727,415,0.2103,2.5871,1.2110,0.2980
2290,53727,447,0.9080,3.3367,1.3060,0.3280
2294,53733,266,0.3343,2.9679,1.2480,0.2530
2294,53733,518,1.0496,2.6828,1.1830,0.4300
2296,53735,472,1.2824,2.2469,1.2830,0.1670
2296,53735,511,0.1910,0.9524,1.5830,-0.0080
2297,53738,358,0.7022,2.2026,1.3150,0.2530
2297,53738,610,1.6004,2.7748,1.2110,0.1310
2297,53738,628,1.3200,2.2248,1.2690,0.4120
2298,53737,114,1.3315,6.1831,1.2190,0.0800
2298,53737,582,1.3603,1.9214,1.4040,0.1420
2341,53738,418,0.4472,1.7983,1.3430,0.3110
2341,53738,450,1.2100,2.4859,1.2010,0.5110
2344,53740,18,1.5157,3.7880,1.2110,0.1570
2344,53740,328,0.5293,1.4397,1.2360,0.6710
2345,53757,634,1.0212,2.9051,1.2030,0.3620
2346,53734,367,1.1687,4.3452,1.1800,0.0500
2346,53734,450,0.8918,1.7260,1.2400,0.3080
2347,53757,501,3.1760,11.5899,1.0440,0.3320
2349,53734,210,2.6831,5.1263,1.1570,0.3380
2349,53734,324,0.6818,1.7117,1.2210,0.4770
2349,53734,411,1.1445,1.8240,1.2440,0.6820
2350,53765,145,0.7614,0.7850,1.4810,0.2380
2352,53770,566,0.2299,1.9512,1.2770,0.3190
2353,53794,428,1.5374,3.1838,1.1770,0.1920
2354,53799,506,1.3961,0.5569,1.3330,0.3380
2355,53792,18,0.5503,1.2113,1.4130,0.1380
2355,53792,109,0.9596,2.7395,1.2210,0.3410
2358,53797,361,0.7193,2.3325,1.2190,0.4550
2360,53728,35,1.4239,3.3151,1.1710,0.2890
2362,53759,125,1.1855,2.8110,1.2130,0.4610
2362,53759,153,1.3513,2.7013,1.2030,0.2020
2363,53763,38,0.3365,2.4699,1.3850,0.4500
2363,53763,567,0.9763,0.8212,1.3670,0.1680
2366,53741,394,0.3430,1.4266,1.5620,0.2590
2367,53763,71,0.4585,2.6702,1.2350,0.1600
2367,53763,475,3.0412,8.2627,1.1980,0.1970
2419,54139,458,1.3337,5.1316,1.1930,0.2070
2419,54139,528,0.7537,1.2882,1.3920,0.3640
2422,54096,521,0.2344,2.9305,1.2370,0.5070
2423,54149,189,1.2129,3.3850,1.1830,0.4610
2423,54149,450,0.5995,2.0120,1.3230,0.6630
2424,54448,411,0.5225,0.9705,1.6040,0.1640
2425,54139,162,0.7765,5.7946,1.1700,0.4180
2429,53799,48,0.8299,2.2664,1.1980,0.6340
2429,53799,468,0.1616,2.3970,1.3970,0.2430
2430,53815,51,1.3915,2.7672,1.2440,0.3090
2430,53815,257,0.3589,1.5452,1.5840,0.1630
2431,53818,146,0.5196,3.8155,1.2000,0.4590
2431,53818,572,2.5112,6.1573,1.2110,0.2990
2433,53820,634,0.9149,0.0222,1.6700,0.1220
2434,53826,241,0.6214,1.3201,1.3380,0.7430
2434,53826,635,0.7752,2.6124,1.2120,0.2780
2435,53828,420,0.2472,1.3737,1.3620,0.2210
2435,53828,474,0.3663,1.8539,1.4030,0.5190
2436,54054,350,0.6104,1.2331,1.3170,0.4230
2437,53848,385,2.6653,8.0960,1.0830,0.1630
2439,53795,306,0.4737,2.1946,1.2410,0.3970
2440,53818,527,0.7758,1.7554,1.4350,0.2160
2440,53818,602,0.6705,2.0464,1.2890,0.4240
2477,54058,106,0.1768,2.5113,1.3310,0.2480
2477,54058,329,0.8079,1.0542,1.3590,0.1940
2478,54097,191,0.7660,1.9394,1.4990,0.1660
2479,54174,187,0.8165,4.0844,1.2410,0.2200
2481,54086,143,0.3804,0.9552,1.6230,0.3030
2481,54086,154,1.1091,3.7427,1.2950,0.2970
2481,54086,264,0.3131,0.5379,1.7840,0.0550
2481,54086,383,0.4442,1.2755,1.4310,0.4080
2481,54086,490,1.3153,1.8578,1.5020,0.2060
2482,54175,434,1.1458,2.5057,1.2420,0.5520
2483,53852,87,0.8079,1.8277,1.4490,0.0680
2483,53852,325,0.5550,1.7927,1.2210,0.4020
2483,53852,572,2.6322,4.5325,1.1030,0.4030
2484,54144,402,0.7315,1.7957,1.2290,0.6060
2485,54176,23,1.2595,3.4943,1.1790,0.1360
2485,54176,405,0.3834,3.3209,1.2250,0.1170
2485,54176,458,1.8267,2.8748,1.1610,0.5680
2485,54176,461,0.1081,0.9513,1.4490,0.0510
2485,54176,478,1.3164,4.2405,1.1780,0.2330
2487,53852,107,1.0407,2.0564,1.4310,0.2340
2488,54149,66,1.4060,2.7465,1.2250,0.3180
2494,54174,19,1.1145,2.5447,1.2110,0.2780
2494,54174,176,0.9696,2.1608,1.2180,0.6440
2495,54175,566,0.7410,2.8852,1.4080,0.2710
2495,54175,609,1.7431,2.2895,1.2020,0.3140
2496,54178,73,0.5217,2.2667,1.2290,0.5950
2496,54178,194,0.2184,2.6148,1.2260,0.5310
2498,54169,123,0.3480,3.0898,1.3950,0.1980
2499,54176,95,0.5839,2.9282,1.3530,0.2430
2499,54176,503,0.8494,3.3994,1.2100,0.1690
2501,54084,121,1.8772,4.1591,1.1970,0.2060
2504,54179,502,0.5098,3.1071,1.2010,0.3960
2508,53875,23,0.9826,3.3544,1.2140,0.3850
2508,53875,331,0.9071,3.0370,1.1740,0.2280
2510,53877,254,0.4665,2.7072,1.2720,0.5000
2511,53882,156,1.2053,3.5554,1.1650,0.2790
2511,53882,202,0.4650,2.6101,1.4020,0.3990
2511,53882,409,0.3551,2.6548,1.2400,0.3860
2513,54141,332,0.2140,2.6685,1.3030,0.0970
2514,53882,510,0.3985,2.7127,1.2620,0.4250
2516,54240,91,0.9045,3.4607,1.2920,0.1520
2517,54567,382,0.9999,2.0816,1.3370,0.6540
2519,54570,232,1.8728,5.4874,1.1230,0.1400
2520,54584,322,0.2749,0.6943,1.3480,0.1740
2521,54538,638,0.4673,0.9125,1.3340,0.1130
2523,54572,241,0.9780,2.3802,1.1910,0.2610
2523,54572,560,0.5218,2.5283,1.2320,0.2380
2525,54569,463,0.5759,1.3511,1.5340,0.1270
2528,54571,219,0.7520,1.1393,1.4590,0.4390
2530,53881,72,1.3990,2.5418,1.2570,0.3030
2532,54589,224,1.4650,3.3274,1.2760,0.1690
2570,54081,116,1.2285,3.1339,1.2350,0.3720
2571,54055,102,0.6097,3.1433,1.2390,0.2110
2572,54056,156,0.4701,1.3595,1.5600,0.2060
2575,54085,323,1.1232,2.2115,1.2080,0.0800
2581,54085,23,1.2730,3.4798,1.1730,0.3690
2583,54095,99,1.0361,3.2462,1.2610,0.1350
2583,54095,563,0.3781,1.9140,1.2860,0.2120
2583,54095,576,0.6208,2.3730,1.2750,0.1840
2584,54153,458,0.5980,3.0570,1.4000,0.1170
2584,54153,545,0.2974,2.9049,1.2120,0.4700
2587,54138,128,1.2463,2.2696,1.4350,0.2740
2587,54138,630,1.0427,1.9732,1.2410,0.4300
2588,54174,340,1.0874,2.7666,1.2000,0.3230
2588,54174,457,1.3877,3.9989,1.1760,0.4180
2591,54140,593,1.2148,2.1283,1.2550,0.3160
2592,54178,350,0.7205,1.1953,1.2590,0.4910
2593,54175,572,2.4296,1.4965,1.2340,0.5310
2595,54207,408,0.7619,2.0865,1.2550,0.4540
2595,54207,410,1.2495,2.5741,1.2300,0.2500
2596,54207,527,0.5932,1.0090,1.3670,0.4710
2599,54234,77,0.4701,2.2296,1.5190,0.1250
2600,54243,429,0.3416,0.8007,1.8880,0.0030
2601,54144,311,1.0870,1.9193,1.2700,0.2560
2601,54144,397,0.2491,0.9277,1.6650,0.1580
2602,54149,298,0.6538,1.9346,1.3410,0.1730
2602,54149,621,0.9137,1.8976,1.2560,0.1560
2603,54479,243,2.0920,3.7449,1.1810,0.4020
2604,54484,471,0.2774,3.4672,1.2520,0.2630
2604,54484,493,0.6897,2.5076,1.2020,0.5470
2605,54484,94,0.5960,2.5034,1.3310,0.2920
2605,54484,146,1.4901,4.7866,1.1740,0.1420
2606,54154,302,0.4540,1.1804,1.2970,0.0630
2606,54154,591,1.0230,2.1620,1.2660,0.2530
2608,54474,105,0.8739,1.4669,1.4930,0.2170
2610,54476,590,0.9158,2.5091,1.2460,0.5020
2611,54477,54,0.6390,2.4135,1.2640,0.2080
2611,54477,171,1.3676,2.6544,1.2520,0.4430
2611,54477,273,1.0272,1.8031,1.2780,0.3590
2611,54477,399,1.8524,2.9539,1.2040,0.3170
2613,54481,43,0.4031,0.6725,1.4680,0.0990
2613,54481,109,1.0362,2.3805,1.2450,0.3580
2614,54481,296,0.5002,0.7103,1.4080,0.3690
2615,54483,13,0.7493,1.1106,1.2960,0.4380
2616,54499,414,1.0458,4.0263,1.2380,0.2900
2616,54499,566,0.8412,3.5151,1.1570,0.4100
2617,54502,393,0.6628,3.2135,1.2080,0.3190
2617,54502,496,0.8132,2.2575,1.1850,0.4500
2618,54506,623,4.0973,6.8921,1.0850,0.3700
2642,54232,121,1.5985,2.3246,1.2290,0.3960
2642,54232,170,0.4241,1.0765,1.3810,0.6850
2642,54232,253,4.4484,4.6450,1.0950,0.4300
2642,54232,582,0.6465,2.1598,1.4100,0.2370
2643,54208,439,1.1944,2.5315,1.1690,0.2930
2644,54210,119,1.2787,2.7161,1.1900,0.2770
2645,54477,163,0.7770,3.6283,1.1610,0.4210
2645,54477,343,1.4265,2.1193,1.2550,0.3100
2646,54479,547,0.4107,0.8444,1.3980,0.1240
2646,54479,567,0.8560,0.9836,1.4190,0.6430
2647,54495,315,1.6044,2.3469,1.3330,0.1780
2649,54212,173,0.2522,2.1054,1.3340,0.2190
2649,54212,604,0.6724,0.0606,1.6730,0.0780
2650,54505,113,1.2950,2.7888,1.2070,0.4530
2651,54507,59,0.3340,0.1789,1.5220,0.0220
2651,54507,160,0.3857,2.7329,1.2630,0.3320
2651,54507,348,1.0023,2.7402,1.2200,0.5270
2651,54507,480,0.8115,1.9531,1.3170,0.6090
2651,54507,510,0.9625,3.4234,1.2180,0.3350
2652,54508,332,0.7646,1.4559,1.3820,0.2890
2654,54231,114,1.6506,2.5139,1.2090,0.5330
2657,54502,108,0.4906,1.0458,1.6870,0.1100
2660,54504,176,0.5697,2.5870,1.3640,0.3650
2661,54505,126,0.2640,0.7498,1.8970,0.0270
2661,54505,572,0.6414,0.7249,1.4020,0.3610
2663,54234,487,1.1210,2.8255,1.2280,0.3450
2663,54234,555,0.6997,2.4902,1.2280,0.3710
2664,54524,390,0.4171,2.4820,1.2360,0.3350
2665,54232,165,0.3919,0.5128,1.6130,0.1480
2666,54230,435,0.9214,2.6978,1.2560,0.4700
2744,54272,209,0.6773,2.6105,1.2800,0.6250
2744,54272,220,0.9910,2.5837,1.2450,0.5630
2744,54272,508,0.9670,3.0717,1.1790,0.1840
2745,54231,205,0.7930,3.5445,1.2750,0.4170
2745,54231,445,1.8126,2.0014,1.2710,0.5710
2749,54241,499,1.2954,4.8022,1.1600,0.3210
2751,54243,367,0.5077,1.8600,1.3360,0.0160
2751,54243,561,2.2420,2.8603,1.2080,0.2460
2753,54234,129,1.6562,4.4301,1.2070,0.2110
2755,54507,177,0.2920,2.6824,1.3360,0.2970
2755,54507,610,1.7037,2.1623,1.2200,0.4540
2756,54508,410,0.2537,0.3057,1.6190,-0.0280
2757,54509,347,0.8256,1.1644,1.5320,0.0980
2758,54523,392,0.9229,2.4026,1.2630,0.5560
2759,54534,61,1.2729,2.3905,1.2190,0.1790
2759,54534,113,1.1845,1.7963,1.3310,0.1850
2761,54534,50,0.4065,1.0232,1.6150,0.0570
2763,54507,227,0.1568,2.7257,1.2820,0.2850
2763,54507,445,1.2554,4.1435,1.1990,0.3700
2764,54535,279,0.6334,1.7455,1.3040,0.2530
2765,54535,382,0.9767,2.3675,1.1910,0.4220
2767,54243,318,1.3152,3.3215,1.1620,0.2030
2767,54243,379,0.5570,1.5708,1.4710,0.1380
2769,54527,477,1.8861,2.1961,1.3250,0.2620
2770,54510,123,1.5395,2.5532,1.2230,0.3490
2773,54533,21,0.7876,0.8368,1.3780,0.1430
2777,54554,154,1.2729,3.3722,1.2160,0.4270
2778,54539,60,0.7686,1.9848,1.2460,0.7460
2778,54539,273,1.5417,4.6518,1.1180,0.0830
2778,54539,508,0.9867,1.7481,1.2970,0.3000
2779,54540,467,0.3518,1.8027,1.3990,0.2360
2780,54557,182,0.5611,2.3050,1.4190,0.3440
2783,54524,7,0.9576,4.8424,1.2070,0.2600
2783,54524,395,0.2453,2.2599,1.2380,0.6210
2784,54529,484,0.6741,1.8604,1.3000,0.5240
2784,54529,592,1.2035,3.4533,1.1950,0.3410
2785,54537,440,0.6296,2.8901,1.2710,0.4220
2785,54537,574,1.7605,4.9235,1.1260,0.0520
2786,54540,463,1.8443,3.8355,1.1490,0.4350
2789,54555,206,1.3686,2.9446,1.2010,0.4200
2789,54555,316,1.5135,3.5208,1.2520,0.2820
2791,54556,290,1.7702,3.6620,1.1760,0.1170
2794,54537,416,0.4125,2.6894,1.2350,0.3740
2878,54465,518,0.3541,3.6059,1.3470,0.0530
2884,54526,164,0.9140,2.6537,1.2120,0.3830
2949,54557,557,3.3834,1.4335,1.4010,0.2160
2953,54560,251,0.6651,1.7978,1.4730,0.0570
2954,54561,611,1.3643,1.1515,1.5280,0.4580
2956,54525,5,1.7948,2.5638,1.2240,0.1830
2956,54525,85,1.8616,5.0030,1.1450,0.3850
2969,54586,119,0.4329,2.9080,1.2240,0.3350
2974,54592,44,0.4085,2.4694,1.3650,0.1900
